item_id,title,item_category,media_type,score,item_content
1,"[Playlist] 나만 알고 싶은 밴드, 유다빈 밴드 노래 모음",music,long_form,85,유다빈 밴드의 노래 모음을 소개하는 플레이리스트 영상 이 콘텐츠는 시청자들에게 새로운 경험과 흥미를 선사합니다. 시청자들은 이 영상을 통해 유익한 정보와 재미를 동시에 얻을 수 있습니다. 시청자들은 이 영상을 통해 유익한 정보와 재미를 동시에 얻을 수 있습니다.
2,[오늘 이 뉴스] 뭘 사과하신 건지 어리둥절 돌직구 질문에 반응,news,short_form,78,최근 이슈에 대해 돌직구 질문과 반응을 다루는 뉴스 콘텐츠 시청자들은 이 영상을 통해 유익한 정보와 재미를 동시에 얻을 수 있습니다. 이 콘텐츠는 시청자들에게 새로운 경험과 흥미를 선사합니다. 이 콘텐츠는 시청자들에게 새로운 경험과 흥미를 선사합니다.
3,개초딩 공포게임,game,long_form,83,초등학생들도 쉽게 즐길 수 있는 공포게임 플레이 영상 이 콘텐츠는 시청자들에게 새로운 경험과 흥미를 선사합니다. 다양한 각도에서 주제를 분석하고 흥미로운 이야기를 풀어냅니다. 다양한 각도에서 주제를 분석하고 흥미로운 이야기를 풀어냅니다.
4,서머 시즌의 T1과 월즈에서의 T1이 달랐던 이유,game,long_form,90,T1 팀의 성적 차이를 분석하는 스포츠 해설 영상 다양한 각도에서 주제를 분석하고 흥미로운 이야기를 풀어냅니다. 시청자들은 이 영상을 통해 유익한 정보와 재미를 동시에 얻을 수 있습니다. 다양한 각도에서 주제를 분석하고 흥미로운 이야기를 풀어냅니다.
5,이게 삼국지야 미연시야,game,long_form,88,삼국지와 미연시가 결합된 게임을 리뷰하고 플레이하는 영상 시청자들은 이 영상을 통해 유익한 정보와 재미를 동시에 얻을 수 있습니다. 특히 관련된 경험담과 사례를 포함하여 몰입감을 더했습니다. 이 콘텐츠는 시청자들에게 새로운 경험과 흥미를 선사합니다.
6,환장의 미국 선물 단타쇼,education,short_form,80,재미있는 미국 선물 언박싱 및 리뷰 영상 특히 관련된 경험담과 사례를 포함하여 몰입감을 더했습니다. 이 콘텐츠는 시청자들에게 새로운 경험과 흥미를 선사합니다. 특히 관련된 경험담과 사례를 포함하여 몰입감을 더했습니다.
7,고고학이란 무엇인가?,education,long_form,85,고고학의 정의와 이집트 유물에 대해 설명하는 교육적 콘텐츠 시청자들은 이 영상을 통해 유익한 정보와 재미를 동시에 얻을 수 있습니다. 이 콘텐츠는 시청자들에게 새로운 경험과 흥미를 선사합니다. 특히 관련된 경험담과 사례를 포함하여 몰입감을 더했습니다.
8,뉴진스가 하면 히로캐미도 한다 이거지…라고 버니즈 캐미가 말했어요,entertainment,short_form,83,뉴진스 팬과 관련된 재미있는 에피소드를 소개하는 영상 제작자의 세심한 접근과 열정이 돋보이는 영상입니다. 이 콘텐츠는 시청자들에게 새로운 경험과 흥미를 선사합니다. 특히 관련된 경험담과 사례를 포함하여 몰입감을 더했습니다.
9,애플의 AI가 알고보면 더 엄청난 이유! 쉽게 설명해 드림,tech,short_form,86,애플의 AI 기술을 쉽게 설명하는 영상 이 콘텐츠는 시청자들에게 새로운 경험과 흥미를 선사합니다. 시청자들은 이 영상을 통해 유익한 정보와 재미를 동시에 얻을 수 있습니다. 다양한 각도에서 주제를 분석하고 흥미로운 이야기를 풀어냅니다.
10,유병재는 아주 유명한 암기핑임,life_style,short_form,77,유병재의 특징을 암기에 관련하여 소개하는 짧은 영상 다양한 각도에서 주제를 분석하고 흥미로운 이야기를 풀어냅니다. 제작자의 세심한 접근과 열정이 돋보이는 영상입니다. 시청자들은 이 영상을 통해 유익한 정보와 재미를 동시에 얻을 수 있습니다.
11,마지막 투어를 끝낸 기분이요? 아 솔직히…,music,short_form,84,투어를 마친 가수의 솔직한 소감을 인터뷰하는 콘텐츠 다양한 각도에서 주제를 분석하고 흥미로운 이야기를 풀어냅니다. 다양한 각도에서 주제를 분석하고 흥미로운 이야기를 풀어냅니다. 시청자들은 이 영상을 통해 유익한 정보와 재미를 동시에 얻을 수 있습니다.
12,사람도 기절시켜 버립니다! 아마존 강에 살고 있는 초대형 전기뱀장어,life_style,long_form,90,아마존 강에서 전기뱀장어를 잡고 경험을 공유하는 생태 다큐 영상 제작자의 세심한 접근과 열정이 돋보이는 영상입니다. 특히 관련된 경험담과 사례를 포함하여 몰입감을 더했습니다. 제작자의 세심한 접근과 열정이 돋보이는 영상입니다.
13,캐논 렌즈 소니에 끼울 수 있습니다,tech,short_form,75,캐논 렌즈를 소니 카메라에 사용할 수 있는 방법을 설명하는 튜토리얼 다양한 각도에서 주제를 분석하고 흥미로운 이야기를 풀어냅니다. 제작자의 세심한 접근과 열정이 돋보이는 영상입니다. 제작자의 세심한 접근과 열정이 돋보이는 영상입니다.
14,헬창판 흑백 요리사.. 오늘의 단백질은 뭔가요?,sports_health,short_form,82,헬스인을 위한 고단백 요리 레시피를 소개하는 짧은 영상 특히 관련된 경험담과 사례를 포함하여 몰입감을 더했습니다. 다양한 각도에서 주제를 분석하고 흥미로운 이야기를 풀어냅니다. 시청자들은 이 영상을 통해 유익한 정보와 재미를 동시에 얻을 수 있습니다.
15,헬스 엑셀 방송 | 헬창의 삶3,sports_health,long_form,78,헬스 관련 기록 및 팁을 엑셀로 관리하는 헬스인의 일상 콘텐츠 이 콘텐츠는 시청자들에게 새로운 경험과 흥미를 선사합니다. 시청자들은 이 영상을 통해 유익한 정보와 재미를 동시에 얻을 수 있습니다. 이 콘텐츠는 시청자들에게 새로운 경험과 흥미를 선사합니다.
16,주우재가 알려주는 가격대별 데님 추천,life_style,short_form,88,주우재가 추천하는 가격대별 데님 제품을 소개하는 패션 영상 제작자의 세심한 접근과 열정이 돋보이는 영상입니다. 제작자의 세심한 접근과 열정이 돋보이는 영상입니다. 시청자들은 이 영상을 통해 유익한 정보와 재미를 동시에 얻을 수 있습니다.
17,전세계 컴퓨터에 영역전개해서 블루스킨 띄운 기업,tech,long_form,85,세계적으로 블루스크린을 유발한 기업과 사건을 분석하는 영상 특히 관련된 경험담과 사례를 포함하여 몰입감을 더했습니다. 다양한 각도에서 주제를 분석하고 흥미로운 이야기를 풀어냅니다. 특히 관련된 경험담과 사례를 포함하여 몰입감을 더했습니다.
18,빵빵이의 복권당첨~,movie,short_form,74,복권에 당첨된 빵빵이의 반응과 에피소드를 담은 영상 이 콘텐츠는 시청자들에게 새로운 경험과 흥미를 선사합니다. 특히 관련된 경험담과 사례를 포함하여 몰입감을 더했습니다. 제작자의 세심한 접근과 열정이 돋보이는 영상입니다.
19,가장 받고 싶은 집들이 선물 월드컵,entertainment,short_form,80,집들이 선물로 인기 있는 아이템을 월드컵 방식으로 소개하는 영상 다양한 각도에서 주제를 분석하고 흥미로운 이야기를 풀어냅니다. 특히 관련된 경험담과 사례를 포함하여 몰입감을 더했습니다. 특히 관련된 경험담과 사례를 포함하여 몰입감을 더했습니다.
20,양배추전으로 살 10kg 그냥 뺍니다,food_cooking,short_form,89,다이어트를 위한 양배추전을 만드는 방법을 소개하는 영상 제작자의 세심한 접근과 열정이 돋보이는 영상입니다. 시청자들은 이 영상을 통해 유익한 정보와 재미를 동시에 얻을 수 있습니다. 시청자들은 이 영상을 통해 유익한 정보와 재미를 동시에 얻을 수 있습니다.
21,돌고 돌아 한신포차에서 부활한 해물떡찜,food_cooking,long_form,81,유명한 한신포차에서 해물 떡찜을 즐기는 경험을 담은 영상 제작자의 세심한 접근과 열정이 돋보이는 영상입니다. 다양한 각도에서 주제를 분석하고 흥미로운 이야기를 풀어냅니다. 다양한 각도에서 주제를 분석하고 흥미로운 이야기를 풀어냅니다.
22,성공률 100% 돼지고기 김치찌개,food_cooking,short_form,87,완벽한 돼지고기 김치찌개 레시피를 소개하는 짧은 요리 영상 이 콘텐츠는 시청자들에게 새로운 경험과 흥미를 선사합니다. 시청자들은 이 영상을 통해 유익한 정보와 재미를 동시에 얻을 수 있습니다. 제작자의 세심한 접근과 열정이 돋보이는 영상입니다.
23,매일 반복되는 강아지의 하루,pet,short_form,85,강아지의 하루 일과를 귀엽게 담은 짧은 영상 다양한 각도에서 주제를 분석하고 흥미로운 이야기를 풀어냅니다. 이 콘텐츠는 시청자들에게 새로운 경험과 흥미를 선사합니다. 제작자의 세심한 접근과 열정이 돋보이는 영상입니다.
24,"귀,위가 터질거 같은 1일 4식 마카오 음식 일주",travel,long_form,82,마카오에서 하루 4끼를 먹으며 음식 문화를 체험하는 브이로그 이 콘텐츠는 시청자들에게 새로운 경험과 흥미를 선사합니다. 제작자의 세심한 접근과 열정이 돋보이는 영상입니다. 이 콘텐츠는 시청자들에게 새로운 경험과 흥미를 선사합니다.
25,뿌카몬 카드 게임 텅구리로 알아보는 오늘의 운세,game,long_form,87,포켓몬 카드게임을 하면서 텅구리 카드의 효과 동전 던지기로 오늘의 운세를 확인하는 영상 이 콘텐츠는 시청자들에게 새로운 경험과 흥미를 선사합니다. 이 콘텐츠는 시청자들에게 새로운 경험과 흥미를 선사합니다. 시청자들은 이 영상을 통해 유익한 정보와 재미를 동시에 얻을 수 있습니다.
26,침착맨의 흑백요리사 최종 라운드 컨설팅,food_cooking,short_form,93,"이 영상은 요리 경연 대회의 최종 라운드를 다루고 있습니다. 1대1 승부의 긴장감이 극대화되며, 참가자들의 실력과 개성이 돋보이는 장면들이 이어집니다. 특히 영상에서는 권성준이 최종 우승자로 발표되며, 그의 자신감 있는 태도와 요리 결과가 큰 감동을 줍니다. 흑백 요리사 컨셉으로 제작된 이 시리즈는 독특한 연출과 요리사의 진지한 태도가 어우러져 흥미를 끌며, 시청자들에게 요리의 즐거움과 경연의 긴장감을 동시에 전달합니다."
27,육묘 난이도 최하 고양이 영상,entertainment,short_form,83,"이 영상은 귀여운 고양이가 등장하는 단편 콘텐츠로, 고양이가 머리띠를 쓰고도 가만히 있는 모습이 웃음을 줍니다. 특히 '노조 머리띠'라는 자막과 함께 고양이의 무심한 표정이 큰 웃음 포인트입니다. 영상은 짧지만 시청자들에게 힐링과 재미를 동시에 전달하며, 반려동물 콘텐츠의 매력을 극대화합니다."
28,속초 포장마차에서 양미리 구이,food_cooking,short_form,71,"이 영상은 속초 포장마차에서 양미리를 연탄불에 구워 먹는 모습을 담고 있습니다. 노릇노릇하게 익어가는 양미리의 비주얼이 식욕을 자극하며, 영상 속 대사는 감동받은 강아지를 언급하며 유머러스하게 마무리됩니다. 길거리 음식의 매력과 함께 지역의 특별한 먹거리를 생생하게 보여주는 영상입니다."
29,샘스파가 삼스파 중 찐 스파이더맨인 이유,movie,short_form,100,이 영상은 스파이더맨에 대한 재미있는 분석을 담고 있습니다. 샘스파와 삼스파 중 누가 진짜 스파이더맨인지에 대해 다양한 장면과 의견을 바탕으로 비교하며 유머러스하게 풀어냅니다. 특히 과학 실험실 장면에서 주인공의 모습이 시청자들의 웃음을 유발합니다.
30,버블검의 첫 실패작 레몬백작,movie,short_form,74,"이 영상은 애니메이션 캐릭터 버블검의 첫 실패작으로 불리는 레몬백작에 대한 이야기를 다루고 있습니다. 레몬백작의 독특한 성격과 폭력적인 모습이 재미있게 표현되며, 애니메이션 속 명장면을 모아 유머러스하게 편집한 콘텐츠입니다."
31,[아케인] 바이를 위해 희생하는 파우더,game,short_form,94,이 영상은 애니메이션 '아케인'의 명장면 중 하나를 담고 있습니다. 파우더가 바이의 생존을 위해 희생하는 감동적인 장면과 함께 배경음악이 영상의 감정을 극대화합니다. 아름다운 애니메이션과 감정선이 돋보이는 콘텐츠입니다.
32,PUBG 하이라이트: Victor IQ 플레이,game,short_form,86,"이 영상은 PUBG 모바일 게임의 하이라이트를 보여줍니다. 플레이어가 Victor IQ의 플레이로 눈에 띄는 순간을 연출하며, 유머러스한 상황과 뛰어난 플레이가 재미를 더합니다. 게임 애호가들에게 큰 즐거움을 주는 콘텐츠입니다."
33,강추! 백종원표 10분 두부김치 레시피,food_cooking,short_form,82,"이 영상은 백종원이 알려주는 초간단 두부김치 레시피를 담고 있습니다. 삼겹살과 두부를 활용해 10분 만에 완성되는 레시피로, 바쁜 일상 속에서도 쉽게 따라 할 수 있는 요리법을 소개합니다."
34,20대 남녀의 대학 술 마시는 속도 차이,life_style,short_form,73,"이 영상은 20대 남녀가 대학에서 술을 마시는 모습을 비교하며 재미있게 표현한 콘텐츠입니다. 남자는 입영 통지서를 떠올리며 급하게 마시는 반면, 여자는 여유롭게 술을 즐기는 모습이 유머러스하게 그려져 시청자들에게 큰 웃음을 줍니다."
35,겨울 스노우보드 베이직 트레이닝 팁,sports_health,short_form,73,이 영상은 겨울 스포츠 초보자를 위한 스노우보드 베이직 트레이닝 팁을 제공하고 있습니다. 직활강과 보존 변환을 연습하며 적당한 속도와 자세를 유지하는 법을 설명해 초보자들도 쉽게 따라 할 수 있도록 도와줍니다.
36,소쿠리 속 낭이 뒤집기,pet,short_form,98,이 영상은 소쿠리 속에 낭이를 뒤집는 과정을 보여주는 재미있는 생활 꿀팁 영상입니다. 간단한 동작만으로 낭이를 깔끔하게 뒤집을 수 있는 유용한 팁이 소개됩니다.
37,오믈렛 도전기 24일 차,food_cooking,short_form,99,"이 영상은 오믈렛 만들기에 도전하는 과정을 담고 있습니다. 24일 차의 꾸준한 연습으로 더욱 완성도 높은 오믈렛이 탄생하며, 요리를 좋아하는 시청자들에게 영감을 줍니다."
38,음대생 악기 값은 얼마일까?,music,short_form,78,이 영상은 음대생들이 사용하는 악기의 가격을 알아보는 흥미로운 탐구 콘텐츠입니다. 음대생들의 생생한 인터뷰를 통해 악기의 가치와 중요성을 전달하며 교육적인 의미를 더합니다.
39,해외 슈퍼카 오너의 일상,car_auto,short_form,94,"이 영상은 해외 슈퍼카 오너의 일상을 담고 있습니다. 럭셔리 자동차를 배경으로 일상적인 모습과 함께 유머러스한 상황이 연출되며, 슈퍼카 문화의 매력을 보여줍니다."
40,2023 메이크업 모아보기,beauty,short_form,96,"이 영상은 뷰티 크리에이터의 2023년 메이크업 총집합을 보여줍니다. 다양한 메이크업 스타일과 트렌드를 돌아보며, 뷰티 팬들에게 유익하고 영감을 주는 콘텐츠입니다."
41,블랙핑크 단톡방 담당 파트,celeb,short_form,90,"이 영상은 블랙핑크 멤버들이 단톡방에서의 역할을 소개하는 장면을 담고 있습니다. 인터뷰를 통해 멤버들 간의 케미와 유머가 돋보이며, 팬들에게 큰 재미를 줍니다."
42,사진 초보가 꼭 하는 실수,hobbies,short_form,74,"이 영상은 사진 초보자들이 흔히 저지르는 실수들을 설명하는 유익한 콘텐츠입니다. 사진의 구도, 빛 조절, 초점 맞추기와 같은 기본적인 실수들을 짚어주며 초보자들도 쉽게 따라 할 수 있는 간단한 팁을 제공합니다. 사진 촬영을 처음 시작하는 사람들에게 큰 도움이 되는 교육적인 영상입니다."
43,안유진의 무대 일기,music,short_form,78,이 영상은 가수 안유진의 무대 위 퍼포먼스를 담고 있습니다. 파워풀한 안무와 감정 표현이 돋보이며 팬들에게 큰 감동을 전해줍니다.
44,요즘 일본에서 유행하는 닭 게임,entertainment,short_form,98,"이 영상은 일본에서 유행하는 독특한 엔터테인먼트 게임을 소개합니다. 플레이어들이 닭 소리를 내며 서로 경쟁하는 모습이 유머러스하게 연출되며, 웃음과 함께 가벼운 즐거움을 선사합니다. 게임의 단순하지만 중독성 있는 재미가 시청자들의 흥미를 끌어당깁니다."
45,포켓몬 노래와 함께하는 뿌온카 개회식,entertainment,short_form,75,이 영상은 포켓몬 노래와 함께 진행된 개회식 장면을 담고 있습니다. 유머러스한 분위기와 즐거운 음악이 어우러져 시청자들에게 큰 재미를 선사합니다.
46,게임에 과몰입하면 생기는 일 5화,game,short_form,72,이 영상은 게임에 몰입한 플레이어들의 웃픈 상황을 보여줍니다. 특히 해상 전투 장면이 실감 나게 표현되며 게임 애호가들의 공감을 자아냅니다.
47,동물 타워 배틀 플레이 중,game,short_form,96,"이 영상은 동물 타워 배틀 게임을 플레이하는 모습을 담고 있습니다. 동물 캐릭터들이 쌓이는 모습이 유머러스하게 연출되며, 보는 이들에게 큰 웃음을 줍니다."
48,사이온 바텀 3렙 다이브 초반 설계,game,short_form,93,이 영상은 게임 '리그 오브 레전드'에서 사이온 챔피언을 활용한 바텀 라인 3레벨 다이브 전략을 소개합니다. 초반 설계를 통해 상대 팀을 압박하며 게임을 유리하게 이끌어가는 노하우를 보여줍니다.
49,템 보고 환산 맞추기,game,short_form,77,"이 영상은 게임 내 아이템의 가치를 환산해 맞추는 독특한 도전 콘텐츠입니다. 플레이어들이 제한된 정보 속에서 아이템 가격을 추측하며, 정확도를 높이기 위해 재미있고 긴장감 넘치는 상황을 연출합니다."
50,젠지가 결승에 올라갔다면?,game,short_form,78,이 영상은 리그 오브 레전드 월드 챔피언십 결승전에서 젠지 팀의 가상 시나리오를 다룹니다. 만약 젠지가 결승에 진출했다면 어떻게 경기가 진행되었을지 분석하며 팬들에게 흥미로운 상상을 제공하는 콘텐츠입니다.
51,미국 주식 갤러리 근황,economy,short_form,85,"이 영상은 최근 미국 주식 갤러리에서 발생한 재미있는 상황들을 소개합니다. 투자자들이 주식 시장의 변동성에 대한 반응을 유머러스하게 풀어내며, 주식 투자자라면 공감할 만한 콘텐츠입니다."
52,정답률 0% 미국 대입문제,education,short_form,77,"이 영상은 정답률이 0%에 달하는 미국 대입 시험 문제를 소개합니다. 천재 수학 강사의 풀이 과정을 통해 복잡한 문제를 이해하기 쉽게 설명하며, 시청자들의 논리적 사고를 자극하는 교육적인 콘텐츠입니다."
53,댓글 갤러리 명장면 모음,entertainment,short_form,77,"이 영상은 과거 TV 프로그램에서 나온 명장면과 함께 댓글 반응을 소개합니다. 특히 재미있는 댓글들이 추가되어 당시의 유머를 되살리며, MZ세대와 X세대 모두에게 웃음을 선사하는 콘텐츠입니다."
54,천천히 떨어지는 자석의 비밀,education,short_form,96,"이 영상은 전자기학의 원리를 실험을 통해 설명하는 교육 콘텐츠입니다. 자석이 금속관 안에서 천천히 떨어지는 현상을 시연하며, 패러데이의 법칙과 전자기 유도 현상을 쉽게 이해할 수 있도록 돕습니다."
55,고음 크리스토퍼 X 저음 영지,music,short_form,90,"이 영상은 가수 크리스토퍼와 이영지의 특별한 듀엣 무대를 담고 있습니다. 고음과 저음이 조화롭게 어우러져 색다른 감성을 전달하며, 라이브 공연에서의 뛰어난 보컬 실력을 감상할 수 있습니다."
56,2천원으로 기계식 키보드 튜닝하는 법,tech,short_form,79,"이 영상은 저렴한 비용으로 기계식 키보드를 튜닝하는 방법을 소개합니다. 2천 원만으로 키보드 소음을 줄이고 타건감을 개선하는 꿀팁을 제공하며, 키보드 애호가들에게 실용적인 정보를 제공합니다."
57,무도 레전드 찍었던 데프콘 인생역전의 날,entertainment,short_form,93,"이 영상은 예능 프로그램 '무한도전'에서 데프콘이 보여준 인생 역전의 순간을 다룹니다. 진지한 도전과 웃음을 동시에 선사하며, 명장면으로 손꼽히는 날의 에피소드를 재조명합니다."
58,기술보다 중요한 사람의 심리,education,short_form,84,이 영상은 사람의 심리가 기술보다 더 중요하다는 메시지를 전달합니다. 강연자가 실생활 사례를 통해 사람의 심리적 요인이 문제 해결에 큰 영향을 미친다는 것을 강조하며 유익한 인사이트를 제공합니다.
59,오믈렛 도전기 46일 차,food_cooking,short_form,80,"이 영상은 46일째 이어지는 오믈렛 도전의 기록을 담고 있습니다. 점점 완성도가 높아지는 과정을 통해 꾸준한 노력의 가치를 보여주며, 요리 초보자들에게 큰 영감을 줍니다."
60,시즌 13 징크스 하이라이트,game,short_form,96,"이 영상은 게임 '리그 오브 레전드' 시즌 13에서 징크스의 하이라이트 장면을 소개합니다. 플레이어의 뛰어난 컨트롤과 전략이 돋보이며, 게임 팬들에게 흥미로운 순간을 제공합니다."
61,스트리트 아티스트에게 노트북 페인팅 요청,hobbies,short_form,88,"이 영상은 거리의 아티스트가 노트북에 독특한 페인팅을 하는 과정을 담고 있습니다. 스프레이 아트를 활용해 창의적이고 개성 넘치는 디자인이 완성되며, 시청자들에게 스트리트 아트의 매력을 소개합니다."
62,메이플스토리 NEXT 업데이트,game,short_form,70,"이 영상은 메이플스토리의 최신 업데이트 'NEXT'를 소개합니다. 새로운 콘텐츠와 함께 등장하는 마스터리 코어의 완성을 강조하며, 유저들에게 기대감을 불러일으키는 트레일러 영상입니다."
63,역대급 하프라인 슈팅 도전,sports_health,short_form,79,"이 영상은 60초 안에 레이업, 자유투, 3점 슛을 성공시키는 하프라인 슈팅 도전을 담고 있습니다. 극적인 순간과 도전의 긴장감이 가득하며, 관중들의 환호와 함께 감동적인 결과를 보여줍니다."
64,페이커의 미끄러진 무빙,game,short_form,96,"이 영상은 T1 Faker 선수의 미세한 무빙 컨트롤을 담고 있습니다. 프로페셔널한 움직임과 타이밍이 압권이며, 리그 오브 레전드 팬들에게 놀라운 기술력을 선보이는 명장면입니다."
65,일본에서 건너온 유사과학 - 혈액형 성격설,education,short_form,76,"이 영상은 일본에서 유래한 혈액형 성격설의 과학적 근거를 탐구합니다. 많은 사람들이 믿었던 혈액형과 성격의 상관관계를 비판적으로 분석하며, 유사과학에 대한 흥미로운 정보를 제공합니다."
66,살아있는 행주 말리기,pet,short_form,91,"이 영상은 고양이를 목욕시킨 후 말리는 귀여운 장면을 담고 있습니다. 행주처럼 말리는 모습이 유머러스하게 연출되며, 반려동물과의 일상을 사랑스럽고 재치 있게 보여줍니다."
67,300도 죄불 소고기 타다끼,food_cooking,short_form,73,이 영상은 300도의 높은 열로 소고기 타다끼를 만드는 과정을 소개합니다. 겉은 바삭하고 속은 부드러운 완벽한 타다끼를 구현하는 방법이 시청자들에게 실용적이면서도 군침 도는 레시피를 제공합니다.
68,"남성들을 위한 여름, 겨울 코디법",life_style,short_form,73,이 영상은 남성들을 위한 여름과 겨울철 옷 스타일링 팁을 소개합니다. 다양한 계절에 맞는 패션 아이템과 코디법을 통해 간단하면서도 멋스러운 스타일을 완성하는 방법을 알려줍니다.
69,장마철 남자 여름 신발 TOP3,life_style,short_form,86,"이 영상은 장마철 비 오는 날 신기 좋은 남성 여름 신발 TOP3를 추천합니다. 신발의 방수 기능과 스타일을 함께 고려해 실용적인 아이템을 소개하며, 시청자들에게 유용한 선택 가이드를 제공합니다."
70,패션에서 제일 중요한 것?,life_style,short_form,92,"이 영상은 패션의 핵심 요소를 소개하며, 패션에서 가장 중요한 포인트를 알려줍니다. 유머러스한 진행과 함께 다양한 스타일링 팁을 제공해 시청자들에게 유익한 정보를 전달합니다."
71,60대 친구들의 사랑 표현,entertainment,short_form,82,이 영상은 60대 친구들이 서로에게 사랑을 표현하는 감동적인 장면을 담고 있습니다. 진심 어린 대화와 유머가 어우러져 보는 이들에게 따뜻한 감동을 선사합니다.
72,보일러로 미어캣 슬라임 만들기,pet,short_form,88,이 영상은 미어캣이 보일러 주변에서 노는 귀여운 모습을 담고 있습니다. 유머러스한 연출과 함께 반려동물과의 일상이 재치 있게 표현되어 시청자들에게 큰 웃음을 줍니다.
73,입이 쩍- 벌어지는 미국의 유명한 동물원,pet,short_form,99,"이 영상은 미국의 유명한 동물원을 탐방하며 놀라운 동물들을 소개합니다. 실제로 살아있는 동물들의 장엄한 모습과 독특한 생태를 담아내며, 시청자들에게 잊지 못할 경험을 선사하는 동물원 투어 영상입니다."
74,3000원짜리 비닐 통발로 초대박 낚시,hobbies,short_form,87,이 영상은 단돈 3000원짜리 비닐 통발을 활용해 예상치 못한 대어를 낚는 장면을 담고 있습니다. 저렴한 도구를 통해 펼쳐지는 낚시의 짜릿한 순간과 결과는 시청자들에게 웃음과 놀라움을 동시에 제공합니다.
75,변비탈출을 막는 아빠,entertainment,short_form,91,"이 영상은 가족의 일상 속에서 벌어지는 재치 있는 상황을 다룹니다. 아빠의 엉뚱하지만 사랑스러운 행동이 웃음을 자아내며, 시청자들에게 유쾌한 감동과 재미를 동시에 선사합니다."
76,혼자 챌린지 찍기 장인,entertainment,short_form,93,"이 영상은 다양한 혼자만의 챌린지를 완벽하게 소화하는 모습을 보여줍니다. 독특한 소품과 재치 있는 설정을 활용해 시청자들의 웃음을 자아내며, 유머러스한 행동과 영상 편집이 돋보입니다. 특히 등장하는 캐릭터들의 코믹한 모습은 챌린지를 더욱 흥미롭게 만들며, 누구나 따라 하고 싶어지는 영감을 제공합니다."
77,출시 예정 게임에 등장한 풍월량,game,short_form,98,"이 영상은 출시 예정 게임에 등장한 인기 스트리머 풍월량의 모습을 다룹니다. 유머러스한 해설과 함께 게임 속 캐릭터와의 절묘한 싱크로율이 화제가 되며, 게임 팬들에게 큰 기대감을 선사합니다. 특유의 편안한 진행과 재미있는 상황이 어우러져 웃음을 자아내며, 신작 게임의 새로운 매력을 전달합니다."
78,현실 각 대학생 상황,entertainment,short_form,71,"이 영상은 대학생들의 일상 속에서 벌어지는 현실적인 상황을 코믹하게 재연합니다. 시험 기간, 과제 폭탄, 수강 신청 전쟁 등 대학생이라면 누구나 공감할 만한 순간들이 담겨있습니다. 캐릭터들의 유쾌한 연기와 감각적인 편집이 돋보이며, 특히 현실과 웃음을 동시에 잡아내는 상황 설정이 시청자들에게 깊은 공감을 줍니다. 대학생들이라면 필수 시청 영상으로 손꼽힙니다."
79,하츄핑 X 도핑 O,music,short_form,92,"이 영상은 빠른 드럼 연주를 통해 폭발적인 에너지를 선보입니다. 강력한 비트와 연주의 완벽한 조화는 보는 이로 하여금 경이로움을 느끼게 합니다. 특히 빠른 템포에서도 흔들리지 않는 연주자의 집중력과 스킬은 압도적이며, 드럼을 사랑하는 팬들에게 큰 감동과 영감을 제공합니다. 연주된 음악은 영화 OST로서 감정의 고조를 더욱 극대화합니다."
80,QR코드 티켓 가리는 법,tech,short_form,86,이 영상은 온라인 중고 거래나 티켓 판매 시 QR 코드를 안전하게 가리는 방법을 소개합니다. 개인정보 유출을 방지하고 안전한 거래를 돕기 위해 실용적이고 간단한 방법을 제시합니다. 실제 상황을 예시로 들어 QR 코드의 민감한 부분을 가리는 팁을 통해 시청자들에게 실질적인 도움을 제공합니다. 누구나 따라 하기 쉬운 접근법으로 온라인 거래의 보안을 강화하는 유용한 정보 영상입니다.
81,자고 있을 때 건들면 물어요,entertainment,short_form,77,이 영상은 커플의 일상에서 벌어지는 귀여운 상황을 담고 있습니다. 한 사람이 잠든 파트너를 장난스럽게 건드리자 벌어지는 반응이 웃음을 자아냅니다. 특히 상대방의 놀라는 모습과 장난의 디테일이 자연스럽게 녹아 있어 시청자들의 공감을 이끌어냅니다. 유머와 사랑스러움이 결합된 영상으로 커플들의 소소한 일상을 엿보게 합니다. 재미와 감동을 동시에 선사하며 긍정적인 반응을 이끌어내는 콘텐츠입니다.
82,인형뽑기 국가대표,entertainment,short_form,88,"이 영상은 인형뽑기 고수의 놀라운 실력을 담고 있습니다. 주인공은 마치 국가대표처럼 정확한 타이밍과 기술을 활용해 연달아 인형을 뽑아내며 주변 사람들의 감탄을 자아냅니다. 인형뽑기에 대한 중독성 있는 재미를 잘 보여주며, 시청자들로 하여금 도전 의욕을 불러일으킵니다. 인형뽑기라는 평범한 게임을 마스터하는 과정이 유머와 스릴을 동시에 제공합니다."
83,만원대 이하 꿀템 추천,beauty,short_form,96,"연말을 맞아 올영 세일에서 만원대 이하의 실용적이고 가성비 높은 뷰티템 3가지를 추천하는 영상입니다. 각 제품은 피부 관리와 보습에 탁월한 효과를 제공하며, 일상에서 쉽게 사용할 수 있는 아이템들입니다. 리뷰어는 직접 사용 후 느낀 장점과 가성비를 강조하며, 특히 겨울철 피부 고민이 많은 시청자들에게 꼭 필요한 정보를 제공합니다. 알뜰한 쇼핑족들에게 큰 도움이 되는 현실적인 추천 콘텐츠입니다."
84,에스파 윈터 님과 오지 않는 찜닭을 기다리며,celeb,long_form,92,"이번 영상에서는 에스파의 윈터와의 인터뷰를 통해 다양한 대화와 선물 교환을 중심으로 구성됩니다. 우선, 윈터의 인사와 소개로 시작하며, 그 후 뉴질랜드의 마오리 전사 퍼포먼스에 대한 이야기가 이어집니다. 인터뷰 중간 중간에 선물을 주고 받는 장면을 넣어 재미를 더할 것이며, 윈터의 플레이리스트 추천과 관련된 대화도 자연스럽게 녹여낼 것입니다. 영상은 다양한 각도로 촬영하여 두 사람의 감정과 반응을 생생하게 전달할 계획입니다. 또한, 음식 주문과 관련된 유머러스한 순간들도 포함될 예정으로, 시청자들이 공감할 수 있는 상황을 만들어낼 것입니다."
85,군대 야간근무 PTSD있는 친구 새벽 4시에 깨워서 근무 시키기 ㅋㅋㅋㅋㅋㅋㅋㅋ,entertainment,long_form,80,"이번 영상은 군인들의 일상을 담은 다큐멘터리 형태로 구성할 계획입니다. 촬영지는 병영 내부와 인근 지역으로, 군인들이 지내는 공간과 그들의 일상적인 활동을 생생하게 보여줄 것입니다. 아침 4시부터 시작해 하루 일과를 기록하면서, 이들이 얼마나 바쁘게 움직이고, 함께 식사하며 소통하는지를 중점적으로 다룰 예정입니다. 특히 점심시간, 군인들이 좋아하는 간편식과 현지 음식을 소개하며, 간단한 먹방 형식으로 일상적인 군대 식사 사연을 담아내는 것이 목표입니다. 또한, 군인들이 정기적으로 진행하는 신체 훈련 장면, 국방 교육, 그리고 잠깐의 여가 시간을 활용한 활동 등을 통해 군인의 삶의 다채로운 모습을 보여줄 것입니다. 이렇게 다양한 장면이 자연스럽게 이어지도록 편집하여, 관객들이 마치 군인들이 된 듯한 몰입감을 느낄 수 있도록 하겠습니다."
86,아이돌 vs I eat all! 서로 은은하게 도발하는 예능 1타들의 토크쇼 | 딱대 EP13 박지원 of fromis_9 프로미스나인,entertainment,long_form,71,"이번 영상은 한국의 토크쇼 형식인 '딱대'의 구성 요소를 담고 있습니다. 메인 호스트인 샘문이 프로미스나인 소속의 박지원님을 초대하여 진행하는 형식으로, 자연스러운 대화로 관객의 흥미를 끌고 있습니다. 각각의 질문과 응답이 유머와 위트를 바탕으로 진행되어 분위기를 부드럽게 유지하며, 박지원의 개인기나 재미있는 별명 이야기도 흥미로운 요소로 작용하죠. 촬영은 서울의 아늑한 스튜디오에서 진행될 예정이며, 게스트와 호스트의 케미스트리를 강조하며 다양한 카메라 앵글과 편집 기법을 통해 시청자를 사로잡는 데 초점을 맞추겠습니다.
또한, 영상은 시청자와의 소통을 높이기 위해 다양한 방식의 소셜 미디어 질문을 포함할 것입니다. 예를 들어, 방송 중간 중간에 실시간 댓글이나 질문에 대한 반응을 보이는 섹션을 만들어 더 인터랙티브한 경험을 제공할 계획입니다. 이와 더불어, 대화 중 나온 유머 포인트나 특별한 순간들은 하이라이트로 편집하여 후반부에 짧은 클립으로 보여줄 것입니다."
87,만화 얘기를 해보겠습니다,hobbies,long_form,99,"이 영상에서는 고전 만화 '슬램덩크' 속 캐릭터들이 지금 이 시대에 살고 있다면 어떤 모습일지 상상해보는 콘텐츠를 다룹니다. 각 캐릭터를 중심으로 그들이 어떤 일들을 하고 있을지, 어떤 삶을 살아갈지에 대한 예측과 토론이 이루어집니다. 특히, 강백호, 정대만, 윤대협 등의 캐릭터에 대한 설정과 그들의 성격을 기반으로 한 상상력을 통해 시청자들에게 흥미롭고 재미있는 경험을 제공합니다.
영상은 다양한 장소에서 촬영할 예정이며, 예를 들어 카페에서의 대화 장면, 공원에서의 자유로운 분위기, 그리고 잘 알려진 농구 코트를 활용해 캐릭터들이 농구를 하는 모습도 담을 계획입니다. 이러한 다양한 촬영은 시청자들에게 더 몰입감 있는 경험을 제공하고, 각 캐릭터의 개성을 더욱 부각시킬 것입니다. 또한, 각 캐릭터의 과거 회상 장면을 작은 플래시백 장면으로 추가하여 조금 더 에피소드 형식으로 만들고親밀감을 더할 것입니다."
88,틀리면 주리를 트는 주식방송,economy,long_form,90,"이번 영상에서는 트럼프의 재선 당시 경제적 영향력과 관련된 주식 시장의 반응을 다룹니다. 트럼프가 대통령으로 복귀하면서 여러 산업, 특히 조선업과 교도소 관련 주식들이 어떻게 반응했는지를 볼 것입니다. 조선업체가 미국 군함 수리와 교도소 관련 주식이 상승하는 모습은 트럼프의 부각된 정치적 영향력의 예시가 될 것입니다. 또한, 트럼프의 가족이 주요 인물들로 등장함에 따라 이들이 가지게 될 정치적 배경과 친밀한 관계를 통해 영향력을 확대할 것이라 예상됩니다."
89,스피커+마이크만 합쳐도 1억;; 자이언티가 실제 녹음할 때 전자기기는 뭐쓸까?,music,long_form,94,"이 영상은 자이언티와 함께 그의 작업실을 탐방하는 내용을 담고 있습니다. 영상의 주인공은 다양한 전자 기기를 좋아하는 여러 아티스트의 작업실을 방문하고, 자이언티의 작업 환경에서 어떤 음악적 영감을 받는지를 탐구하고자 합니다. 자이언티의 스튜디오에서는 그의 음악이 태어나는 과정을 엿볼 수 있으며, 각종 기기와 악기에 대한 설명을 통해 음악 제작의 비하인드 스토리를 공유합니다. 이 과정에서 그와의 대화와 유머도 자연스럽게 포함되며, 팬들에게는 그가 얼마나 많은 기기를 사용하고 있는지를 보여주는 흥미로운 영상이 될 것입니다."
90,이번주 사고싶은거 다모음 문스셀렉트,car_auto,long_form,82,"영상 촬영은 한국의 다양한 자동차 전시 및 쇼룸에서 시작하여, 최첨단 기술을 체험할 수 있는 장소로 구성할 예정입니다. 이 과정에서는 테슬라의 사이버 캡을 실제로 경험할 수 있는 해운대 모터쇼나 관련 이벤트에서 인터뷰와 현장 촬영을 진행할 것입니다. 진행자는 사이버 캡의 디테일을 설명하면서 시청자들에게 가까운 시각적 체험을 제공할 수 있도록 하며, 고화질의 B-roll 영상을 통해 각종 기능 및 디자인 요소를 부각시킬 계획입니다."
91,해외서 정평 난 최고급 생선이 국내서도 잡혔다! 과연 맛은?,food_cooking,long_form,92,"이 비디오는 제주도의 습성 및 다양한 해양 생물, 특히 날새기에 대한 상세한 설명으로 구성되어 있습니다. 영상의 시작은 제주도에서의 생생한 현장감으로 시작되며, 해산물의 품질과 특징, 그리고 이 어종이 한국 식탁에 도입될 필요성이 대두됩니다. 촬영은 제주도의 선술집이나 횟집을 배경으로 하여 신선한 생선과의 유기적인 연관성을 강조할 예정입니다. 생선의 손질 과정과 요리하는 모습을 가까이에서 담아내어 시청자들에게 생선의 신선감을 전달하고, 생선의 식감과 맛을 생생하게 시각화 할 것입니다. 또한, 생선의 다양한 부위에 대한 설명과 요리법을 통해 요리하는 즐거움을 시청자들에게 선사할 예정입니다."
92,"[SUB] 나야, 에스파 프리티 핫 걸즈 젤닝이가 놀러왔어요 근데 이제 우정을 곁들인...♥EP.1",celeb,long_form,96,"이번 영상은 인기 아이돌 그룹의 한 멤버가 자신의 방에서 펼치는 새로운 토크쇼 포맷을 가지고 있습니다. 영상의 첫 시작은 카메라와의 인사로 시작되며, 이 공간이 실제 자신의 집이 아닐뿐더러 여러 문제로 진짜 집이 아닌 친구와의 합동 공간임을 설명합니다. 이어서 본격적으로 제품 홍보에 들어가는데, 이번에 소개할 제품은 ppr이라는 체지방 감소를 돕는 유산균입니다. 호기심과 개인적인 경험을 담아 이 제품에 대한 체험담을 나누며, 다이어트와 장 건강의 중요성도 강조합니다. 다음으로 다른 게스트들, 즉 친구들을 초대하여 그들과의 대화를 통해 긴장이 풀리고, 서로의 자연스러운 모습을 보여주는 장면이 이어집니다. 이 흐름에서 음식 (특히 해산물 라면)을 만드는 장면이 삽입되는데, 이는 요리를 통한 소통을 의미하며, 시청자들이 편안한 분위기 속에서 유쾌한 에너지를 느낄 수 있도록 합니다. 각각의 멤버들이 음식에 대한 이야기를 나누는 동안 자연스럽게 다른 주제로 넘어가며, 그들의 친밀한 관계와 서로에 대한 이해를 보여주는 것이 이 영상의 매력입니다. 특히 각자의 요리를 통해 서로 다른 취향과 스타일을 나누는 부분에서는 시청자들도 공감하며 시청할 수 있다는 점에서 큰 호응을 얻을 것입니다."
93,맛있는 재료로 최악의 괴식을 만들어봐라!! 괴식대첩 흑백요리사 특집ㅋㅋㅋ,food_cooking,long_form,83,"이번 영상에서는 대한민국에서 최악의 괴식을 만드는 요리사들이 오는 일대일 조리 대결을 중점적으로 다루고 있습니다. 첫 번째 라운드는 랜덤 아이템을 사용해서 최악의 음식을 가장 창의적으로 만드는 셰프들의 경쟁입니다. 예를 들어, 생크림이라는 재료가 주어졌을 때, 셰프들은 자신만의 화려한 비전을 가지고 가져온 재료를 최대한 활용해 괴식 요리를 시도합니다. 생크림으로 미역국과 생크림 케이크를 혼합하여 지옥 가자미 같은 독특한 요리를 만들어 내는 과정이 눈길을 끕니다. 나아가 요리하는 동안 이들의 감정과 긴장감이 고스란히 드러나는 장면도 강조되며, 심사위원들의 리액션과 평가는 관객들에게 재미를 더해줍니다. 영상의 촬영은 서울의 한 방송 스튜디오에서 진행될 예정이며, 이를 통해 초현실적이고 독창적인 대결을 강조할 수 있습니다.
영상의 두 번째 라운드는 셰프들이 라면이라는 친숙한 재료로 어떻게 괴식을 만들 것인지 보여줍니다. 셰프들은 자신만의 요리 스타일을 살려 악명 높은 레시피를 창조하며, 이 과정에서 발생하는 에피소드와 드라마가 생소함과 웃음을 주는 요소로 작용합니다. 접시 위에서의 요리 풍경은 시청자들에게 흥미로운 시각적 요소가 될 것이며, 실제 요리과정을 통해 전혀 상상할 수 없는 맛의 조화와 모순을 보여줄 것입니다. 특히, 요리가 실패하는 순간의 긴장감과 요리사들의 감정 섬세한 표현도 카메라에 포착되도록 노력하겠습니다. 이러한 구조는 시청자들에게 새로운 맛과 음식을 탐험하는 동시에, 인간의 도전 정신과 괴식의 세계를 깊이 이해할 수 있는 계기가 될 것입니다."
94,제 1회(?) 내가 준비한 개그동영상으로 상대방 우유뿜기 대결!!!!!!!!!!!!!ㅋㅋㅋㅋㅋㅋ,entertainment,long_form,94,"이번 주제는 ""개그 동영상 제1회 보물성""으로 정해 이야기를 펼쳐나가고자 합니다. 이 영상은 유머와 경쟁의 재미를 동시에 느낄 수 있는 신선한 접근 방식으로 제작할 예정입니다. 참여자들은 각자가 제시하는 1분 간의 개그로 승부를 펼치는데, 각자의 개성이 드러나는 공격적인 내용과 유머를 바탕으로 시청자들에게 웃음과 함께 다양한 감정을 제공할 것입니다. 다채로운 개그의 길이는 짧지만 강렬한 인상을 남겨야 하기에, 촬영 중 각 개그의 연출 방식에 신경 쓸 것입니다. 특히, 카메라 앵글과 표정, 음향을 잘 활용해 '소리'와 '움직임'이 조화를 이루도록 촬영할 계획입니다.
또한, 이 영상의 핵심 요소 중 하나는 강력한 쌍방향 소통입니다. 관객들은 가상으로 댓글을 통해 반응을 나타내고, 다음 에피소드를 예고하는 방식으로 주목도를 높일 것입니다. 촬영 장소는 한국의 유명한 코믹 클럽이나 야외에서 진행하며, 참여자들의 역동적인 개성과 실제의 웃음을 극대화할 수 있는 공간을 선택할 것입니다. 예를 들면, 서울의 번화가에서 유행하는 개그 콘셉트나 거리 행진을 활용하여, 관객들과 함께하는 장면을 담아내면 더욱 흥미로운 콘텐츠가 생길 것입니다. 이러한 다양한 시도가 영상에 재미를 더하고, 시청자들이 참여하고 싶어지는 기회도 제공할 수 있다고 생각합니다."
95,말로 웃기는 공연에 외계인 분장하고 온 미친놈ㅋㅋㅋㅋ,entertainment,long_form,100,"이 영상은 한국의 코미디 만담 형식으로, 세 명의 멤버가 서로 재치 있는 대화와 유머를 나누며 관객을 웃기는 공연을 담고 있습니다. 만담은 각 멤버가 차례로 등장하여 즉흥적으로 주제를 갖고 장난스럽게 이야기를 주고받는 재미가 있습니다. 영상의 맥락에서 첫 번째 멤버가 등장하고, 두 번째 멤버와의 첫인상 교환과 위트 있는 대립이 작품의 초점을 결정짓습니다. 이 과정에서 어느새 생긴 작은 갈등이나 우스꽝스러운 상황들이 코미디의 핵심이 됩니다. 각 멤버는 서로의 특징을 살려서 기발한 조크를 만들어내야 하며, 분장은 유머의 중요한 요소로 작용합니다. 예를 들어, 한 멤버가 외계인 복장을 하고 등장하면서 작은 갈등을 유발하여 스트레스가 쌓이는 웃음을 자아내는 방식입니다.
비디오 촬영은 홍대의 넓은 공연장이나 다양한 경치가 있는 장소에서 시작할 예정이며, 배경음악은 경쾌한 멜로디로 분위기를 띄울 것입니다. 촬영은 여러 각도에서 진행하여 각 멤버의 성격과 리액션을 극대화하려고 합니다. 또한, 관객의 반응을 실시간으로 촬영하되, 관객들이 코믹한 상황에 어떻게 반응하는지를 놓치지 않도록 신경 쓸 예정입니다. 각 세그먼트가 끝날 때마다 멤버들이 관객과 소통하며 자연스럽게 새로운 이야기를 이어가는 형식으로 편집할 것이고, 각 유머 포인트를 강조하기 위해 슬로우 모션이나 클로즈업 카메라 역시 적극 활용하겠습니다."
96,감스트 흑백요리사 셰프님 요리 먹어봤습니다,food_cooking,long_form,100,"이 비디오에서는 흑백 요리사 프로그램에 출연한 유명한 셰프를 만나 그의 비밀 레시피와 요리 과정을 같이 체험하는 내용을 다룹니다. 우선, 저는 이 셰프님이 있는 장소에 직접 가서 촬영을 진행할 계획입니다. 셰프님 집은 일식집 분위기가 나는 독특한 공간으로, 주방에서의 모든 과정이 잘 보이도록 카메라를 배치할 예정입니다. 카메라에는 인터뷰, 요리 과정, 그리고 요리를 시식하는 장면을 담을 수 있는 다각적인 시점이 포함됩니다. 요리를 시작할 때 셰프님과의 자연스러운 대화를 통해 요리의 기법과 재료 선택에 대한 자세한 정보를 전달할 것입니다. 이 과정에서 어떤 음식이 준비되는지도 시청자들에게 상세하게 설명하면서 요리의 매력을 극대화할 수 있도록 할 것입니다."
97,소바 면만 4kg 이상!? 일본에서 소바 많이먹기 기록 도전하고 왔습니다🔥🔥,food_cooking,long_form,77,"이 영상에서는 도쿄에서 유명한 왕코 소바 챌린지에 도전하는 모습을 담고 있습니다. 영상을 촬영하기 위해 저는 김포공항에서 비행기를 타고 도쿄로 가는 장면으로 시작합니다. 도착 후 호텔에 체크인하고, 챌린지에 참여할 소바 가게로 가기 위해 시부야를 거쳐 이동하는 과정을 자세히 보여줍니다. 이 과정에서는 도쿄의 거리 풍경을 담기 위해 다양한 장면을 담아내며, 짧은 촬영 브이로그 스타일로 진행합니다. 또한 도전 전 심리적 준비나 기대감 등을 표현하며 시청자들이 나름의 몰입감을 느낄 수 있도록 노력할 것입니다.
그 후 왕코 소바에 도착하면, 챌린지의 규칙과 함께 소바를 주문하는 장면을 담습니다. 저는 총 40분 동안 가능한 많은 양을 먹어야 하며, 제한 조건들(예: 화장실 이용 금지, 물 먹기는 가능 등)을 친절하게 설명합니다. 승인된 소바를 얻고, 도전 스타트를 알리는 신나는 장면으로 포인트를 주어 짜릿함을 전달합니다. 촬영하는 동안은 점차 먹어가는 모습과 반응을 리얼 타임으로 담는 것이 중요합니다. 각 그릇을 먹는 순간순간을 집중적으로 담아내어, 시청자들도 함께 숨을 죽이는 듯한 긴박함을 느낄 수 있도록 연출할 계획입니다."
98,사람 몸통만한 초대형 칵테일 3분 안에 다 마시면 상금 10만원🔥,food_cooking,long_form,75,"이번 도전 먹방에서는 3L 칵테일을 한 번에 마시는 것을 목표로 하여 흥미로운 도전 과제를 설정합니다. 영상의 첫 부분에서는 장소에 대한 소개와 그곳의 분위기를 전달하며, 서울 중구 광희동에 위치한 아스롱가라는 카페 겸 와인 바를 배경으로 하여 촬영합니다. 카페 인테리어와 분위기를 강조하며, 가게의 독특한 메뉴들을 간단히 소개한 후, 음식을 주문하는 장면이 이어질 것입니다. 방문한 시점과 소비자의 심리를 반영하여 기대감과 긴장감을 조성하며 카메라에는 손님의 리액션 및 감정이 담길 수 있도록 다양한 각도에서 촬영할 것입니다.
그 다음에는 주문한 스테이크와 파스타 등 다양한 메뉴를 시식하며, 칵테일 음료가 준비되는 과정을 촬영합니다. 안주를 먹고 나서 칵테일에 도전하는 순간을 더욱 극적으로 연출하기 위해 타이머를 세팅합니다. 타임어가 시작되면, 빠르게 음료를 마시는 모습을 다양한 클로즈업 및 사실감을 줄 수 있는 샷으로 포착할 것입니다. 시청자가 긴장감과 몰입감을 느낄 수 있도록 사운드 효과와 배경 음악을 조화롭게 믹싱하여, 최종 성공 여부에 따라 예상치 못한 반전이나 재미있는 상황도 연출하겠습니다. 영상의 마무리는 성공 여부와 함께 다음 도전에 대한 예고편을 통해 구독자들로 하여금 재방문의욕을 불러일으킬 예정입니다."
99,야차클럽 vs 블랙컴뱃 Ep.1,sports_health,long_form,78,"이 비디오는 블랙 콤뱃과 야차 클럽 간의 짜릿한 대항전을 중심으로 진행됩니다. 영상의 시작 부분에서는 출전 선수들이 개별적으로 자신들의 의지를 다짐하며 무대에 서는 모습이 담깁니다. 이 부분에서는 놓쳐선 안 되는 긴장감과 열기가 느껴져야 하며, 선수들의 심리적 상태를 자세히 보여주는 클로즈업 샷을 통해 시청자들에게 더욱 몰입할 수 있는 느낌을 선사할 것입니다. 이후, 싸움이 시작되기 전 룰을 설정하는 장면에서 선수 간의 설전이 펼쳐지며, 각자의 스타일까지 드러나도록 촬영할 계획입니다. 이 과정은 다양한 각도와 앵글을 통해, 상대를 향한 도전 의식과 전략을 구체적으로 전할 수 있게 할 것입니다.
전투가 본격적으로 시작되면, 격렬한 타격 씬과 레슬링 싸움을 통해 긴장감을 조성합니다. 카메라는 선수의 움직임을 따라다니며 보다 생생한 액션을 전달하고, 순간순간의 치열한 전투를 포착하는 데 집중합니다. 후반부에는 승자와 패자의 감정이 교차하며, 각 팀의 선수가 승리를 쟁취하기 위한 열정적인 모습으로 마무리할 계획입니다. 또한, 이런 과정들을 통해 각 선수의 성격과 특징이 드러날 수 있도록 인터뷰 영상을 추가하여 스토리텔링적으로 연계할 수 있습니다."
100,"""4년간 정말 지옥이었어"" 40대 유부남 전민기가 들려주는 부부의 실상 l 뉴다연",life_style,long_form,83,"이 비디오는 결혼 생활의 현실과 그에 대한 고찰을 통해 관객들에게 강한 메시지를 전달합니다. 결혼생활이 단순히 로맨틱한 환상에서 벗어나 얼마나 많은 노력을 요하는지를 이야기합니다. 특히, 피하는 것이 아니라 대화를 통해 갈등을 해결해야 한다는 점을 강조합니다. 결혼 생활은 마치 지속적인 운동처럼 매일매일의 배려와 노력이 필요하다는 것을 비유를 통해 설명합니다. 우리는 이 영상을 한국에서 촬영할 때, 실제 부부들의 일상적인 모습을 담아서 그들이 겪는 다양한 갈등과 소통의 과정을 생생하게 표현하고 싶습니다. 예를 들어, 가정에서의 작은 다툼, 육아 문제 그리고 경제적인 부담 등에 대한 이야기를 실제 부부의 대화 형식으로 풀어나갈 예정입니다. 이를 통해 시청자들은 결혼 생활이 가진 복잡함과 그 해결 방법을 함께 느껴볼 수 있을 것입니다. 사람들간의 신뢰와 꾸준한 소통이 얼마나 중요한지, 그리고 그러한 요소들이 결혼 생활의 개선으로 이어진다는 것을 실제 사례를 통해 극명하게 보여주고 싶습니다."
101,"(포괄적) 차별금지법, 지옥이 올지도 모릅니다.",government,long_form,79,"이번 영상에서는 차별 금지법이 이력서 작성과 채용 과정에 미치는 영향에 대해 깊이 있는 접근을 시도합니다. 국내 여러 비판적인 시각을 담아 코로나19로 영향을 받은 학생들의 이력을 어떻게 정의할 것인지에 대한 질문을 던지고자 합니다. 영상의 서두에서는 채용 시 학력을 반영하지 않는 것이 과연 개인의 행복과 직결되는지를 논의하며, 이를 통해 스펙 경쟁에 필요한 요소들에 대해 얘기합니다. 굉장히 치열해진 취업 시장 속에서 다양한 스펙을 가진 지원자들이 기업에 어떻게 받아들여질 수 있는지를 설명하면서, 구체적인 사례에 관한 데이터를 제시합니다. 또한, 실질적인 취업 준비 과정에서 학력 외에 어떤 다른 요소들이 요구될 수 있는지에 대한 다양한 의견 및 전문가 인터뷰를 진행할 계획입니다. 이를 통해 학생들이 어떤 경로를 통해 꿈을 이룰 수 있을지도 잘 보여주고 논쟁을 자극하는 방향으로 영상을 구성할 것입니다."
102,소나타 한대 값과 맞먹는 비싼 총을 사는 이유 (총포사 인터뷰),news,long_form,68,"이 비디오에서는 총포사 주인의 이야기와 사격 문화에 대해 다양한 정보를 제공합니다. 그는 용인대학교에서 태권도를 전공한 후, 고향에서 약 28년간 태권도 도장을 운영했습니다. 이후로 그는 총포사로 사업을 전환하게 되었는데, 이를 통해 한국에서의 총기 관련 규제 문제와 운영에 대한 어려움을 언급하고 있습니다. 총기 소지에 대한 규제가 심화되면서 한국의 총포사 수가 급격히 감소했으며, 오늘날 약 180곳만 운영되고 있다고 합니다. 이 비디오는 총포사 운영의 어려움과 사격장이 어떻게 형성되어 있는지를 깊이 탐구합니다.  또한, 그가 소유한 총기들의 변별점과 가격, 관리 시스템에 대한 설명을 통해 시청자들에게 실질적인 정보를 제공합니다. 더 나아가, 총기 구매에 관한 규제와 샷건, 사냥용 총기 및 사격용 총기의 차이에 대한 설명도 포함되어 있습니다. 마지막으로, 사격을 하려는 젊은 세대와 전문적인 수련생들이 어떻게 성장하고 있는지도 언급합니다."
103,두번 보세요 꼭이요,life_style,long_form,84,"이 영상에서는 선정된 출연자를 기반으로 그녀의 여러 매력을 한데 모아 소개할 계획입니다. 촬영은 아름다운 한국의 다양한 배경에서 진행되며, 특히 도심 속 공원이나 세련된 카페와 같은 장소를 활용할 것입니다. 이러한 장소는 출연자의 외모뿐만 아니라 그녀의 개성을 잘 드러내는 배경이 되어줄 것입니다. 전체적인 흐름은 자연스러운 대화와 인터뷰 형식으로, 그녀가 가진 다양한 매력을 직접 소개하면서 유쾌하고 진솔한 분위기를 연출할 예정입니다. 이 영상은 단순히 그녀의 외모만을 강조하는 것이 아니라, 그녀가 가진 재능과 매력, 그리고 삶의 이야기를 부각시켜 팬들과 더 깊은 교감을 나누고자 합니다.
가장 중요한 것은, 우리는 그녀의 매력을 시청자가 가장 잘 느낄 수 있도록 보여주는 것입니다. 따라서 촬영 각도와 조명, 그리고 편집에 대한 세심한 주의를 기울일 것입니다. 촬영 중, 그녀의 솔직한 반응과 개성을 그대로 담기 위해 자연스러운 순간을 포착하는 것을 중시할 것입니다. 결과적으로 이 콘텐츠는 단순한 영상 경험이 아닌 시청자와 출연자 간의 연결고리를 형성하는 매개체가 되리라 기대합니다. 따라서, 비디오의 최종 결과물이 단순한 요약이 아닌, 그녀의 매력을 전하는 보물이 되도록 만들겠습니다."
104,엄태웅 VS 강릉일진 장승표 (상남자룰 실전맞짱),sports_health,long_form,93,"이 비디오는 두 친구가 맨손으로 맞장뜨고 경쟁하는 모습을 채널의 메시지로 담고 있습니다. 첫 번째 장면은 이들의 대화로 시작합니다. 두 친구는 서로 존댓말을 쓰면서도 유머러스한 대화를 나누며, 경기 방식에 대해 논의합니다. '맨손으로 할래? 글러 낄래?'라는 질문이 나오고, 상반신을 가리키며 자신감을 드러내는 모습이 인상적입니다. 나지막한 목소리로 웃음을 자아내는 그들의 대화는 매우 자연스럽고 진솔합니다. 비디오의 핵심은 바로 이 대결이기 때문에, 경기 전 충분히 몸을 풀고, 시청자들에게 규칙을 명확히 설명하며 보는 이의 기대감을 증폭시킵니다. 이 부분은 타임랩스 형태로 촬영하여, 선수들이 준비하는 모습을 빠르게 보여줄 계획입니다. 이를 통해 시청자들은 긴장감과 기대감을 느낄 수 있을 것입니다.
이후 두 친구는 링 위에서 맨손으로 맞붙게 됩니다. 짧고 굵게 컷을 반복하며, 시청자들이 긴박감과 살짝 자극적인 분위기를 느낄 수 있도록 편집할 예정입니다. 다양한 각도로 촬영을 진행하여, 둘의 정면 대치와 뒤에서 바라보는 관점을 모두 제공합니다. 특히, 옆에서 찍는 각도는 누가 더 자신감 넘치게 행동하는지를 보일 수 있어 좋습니다. 또한, 모션 그래픽 효과를 추가하여 경기의 파이널리티를 높이고, 흥미진진한 자막을 활용해 재미를 함께 담을 것입니다. 이 모든 과정은 핸드헬드 카메라를 사용하여 사실적인 느낌을 줄겁니다. 경기가 마무리되고 나면, 승자의 기쁜 표정과 패자의 아쉬운 표정을 담아 시청자들에게 인상 깊은 마무리를 제공할 것입니다."
105,오직 관상으로만 맞혀보는 티니핑 이름 맞히기,entertainment,long_form,94,"이 비디오는 캐치 티니핑 캐릭터들의 이름을 맞추는 과정을 즐겁고 코믹하게 담고 있습니다. 영상을 촬영하기 전에, 한국의 다양한 캐치 티니핑 피규어와 상품을 모아 각 캐릭터의 특징을 연구하고, 캐릭터와 관련된 트렌드를 파악하는 것이 매우 중요합니다. 각 캐릭터의 색상, 모양,릭과 관련된 배경 스토리를 시청자와 소통할 수 있는 방식으로 편집할 것입니다. 예를 들어, 캐릭터의 눈 색깔, 소품들, 그리고 그들이 지닌 역할을 시청자와 함께 활발하게 논의하며, 그 과정에서 긍정적이고 유쾌한 분위기를 조성할 계획입니다. 영상의 진행은 질문과 답변 방식으로 흥미를 끌고, 시청자들도 함께 맞혀볼 수 있는 형식을 취할 것입니다. 설문지를 통해 시청자에게 미리 질문들을 주어, 그들의 의견도 수렴하고, 이후 맞춘 답변과 비교하는 즐거움을 더할 것입니다."
106,"피자헛 신메뉴 치즈딥피자와 옛날떡볶이, 튀김 먹방!! 후식은 아티제 초코쉬폰, 에쉬레 롤케이크 241109/Mukbang, eating show",food_cooking,long_form,72,"안녕하세요! 오늘은 주말을 맞아 신메뉴가 출시된 피자를 먹어보려고 합니다. 한국의 신메뉴 피자인 '페로치즈 뒷 피자'를 소개하고, 이 특별한 피자의 내부를 탐색해볼 거예요. 촬영은 서울의 한 인기 피자 가게에서 진행할 예정입니다. 이곳은 연령대가 다양한 손님들로 붐비는 곳으로, 시청자들이 보기에 즐거운 먹방을 만들어볼 수 있을 것이라 생각합니다. 촬영하면서 들어가는 피자의 재료와 특이한 점에 대해 설명해드릴 예정입니다. 예를 들어, 이 피자는 페퍼로니와 부드러운 짭짤한 치즈 소스를 조화롭게 접목시킨 것이 특징입니다. 또한, 떡볶이와 튀김을 함께 시켰는데, 한국의 전통적인 분식의 조합을 느껴보는지에 대해 이야기하며, 다양한 반찬들도 함께 소개할 예정입니다. 촬영을 통해 음식의 비주얼을 강조하며, 실시간으로 소통하는 톤으로 진행할 생각입니다. 여러분도 느끼는 맛의 묘미를 함께 나누게 될 거예요. 음식과 관련된 이야기뿐만 아니라 재밌는 일상사도 공유하면서, 자연스럽고 편안한 분위기를 만들어갈 것입니다."
107,[SUB] 왕들의 귀환 ⭐️빅뱅 완전체!!!⭐️ | 시기가 왔다! | 집대성 ep.28,music,long_form,90,"이 비디오는 여름 저녁에 토크 세션을 여는 편안한 분위기 속에서 시작됩니다. 출연자들은 서로의 최근 활동을 공유하며 각자의 개성을 살린 농담과 에피소드를 나누는 모습을 보여줍니다. 여기서 중요한 점은 각 출연자가 자연스러운 대화 중에 하면서 서로의 우정과 관계를 더욱 끈끈히 만드는 과정을 보여주는 것입니다. 우선, 출연진이 일상적인 음식이나 음료에 대한 이야기를 시작하면서 시청자들에게 친근한 느낌을 줍니다. 이어서 그들이 참여했던 공연이나 결혼식에 대한 소소한 이야기를 나누며, 각자의 경험과 감정을 전달합니다. 이러한 흐름 속에서 유튜브 촬영의 자연스러움과 진정성을 강조하고 싶습니다. 촬영 기법으로는 카메라를 왼쪽에서 오른쪽으로 이동시키며 다양한 각도에서 인물들을 클로즈업하고, 소리를 더욱 생동감 있게 담기 위한 마이크를 적절히 배치할 계획입니다. 촬영지는 서울의 대표적인 음식점으로 설정하고, 테이블 주변에 나눠 앉아 이야기를 나누는 구조로 진행할 예정입니다. 자연스럽게 대화가 이루어질 수 있도록 사전에 주제 몇 가지를 정해두어 출연자들이 편안하게 대화를 이끌어 나갈 수 있도록 하겠습니다."
108,"[SUB] 빅보이 Mr.경수, 마침내 차쥐뿔에 등장 [차린건 쥐뿔도 없지만] EP.29 #이영지 #도경수",entertainment,long_form,100,"이번 영상은 두 명의 호스트가 여름 더위 속에서 시원한 음료와 음식을 즐기며 대화를 나누는 포맷으로 구성됩니다. 호스트들은 처음에는 준비한 음식을 소개하고, 이전에 진행했던 대화의 내용을 잠깐 요약하면서 서로 간의 친밀한 관계를 강조합니다. 영상 초반부에서는 게스트인 도경수를 맞이하며, 시원한 음료와 함께 필요 없는 주변 소음을 제거하는 과정에서 그들의 유머러스한 모습을 볼 수 있습니다. 바쁜 여름 날에 어떻게 더위를 피할 수 있는지를 주제로 다양한 이야기를 나누기 위해 촬영을 진행합니다. 이 과정에서 두 사람은 특별한 간식을 준비하고, 시원한 팩을 가져와 서로에게 붙이는 재미있는 순간을 담아냅니다. 이는 두 사람의 친근한 상호작용을 통해 유머를 돋보이게 하고, 보다 자연스러운 대화를 형성하도록 돕습니다.
영상의 중반부는 두 호스트가 마라탕과 같은 많은 사람들에게 사랑받는 음식을 함께 즐기며 진행됩니다. 이 때, 그들은 친구 같은 친밀한 분위기를 조성하면서도 진솔한 대화를 나누며 팬들의 핫이슈나 그들의 개인적인 고민에 관해서도 이야기를 나눕니다. 도경수는 자신의 일상적인 활동에 관하여 말하며, 영지와의 협업 및 새로운 음원 발매에 관한 소감을 전합니다. 후반부에는 두 호스트가 서로에게 질문을 던지는 재미있는 게임을 통해 긴장감을 조성하고, 그 사이에 발생하는 서로 간의 반응들은 시청자들에게 큰 웃음과 재미를 선사합니다. 이 모든 내용을 통해 영상은 친근하게, 그리고 흥미롭게 시청자들에게 전달되며, 한국의 여름 문화를 반영한 따뜻한 분위기를 자아냅니다."
109,"[SUB] 방송이 낳은 괴물, 이제부터 차쥐뿔은 제 겁니다😎 [차린건 쥐뿔도 없지만] EP.09 #이영지 #키 (ENG/JPN/SPA)",entertainment,long_form,88,"이 영상은 다양한 직업을 가진 사람들의 경험과 생각을 나누는 형태로 구성되어 있습니다. 첫째, 영상은 이야기의 흐름을 유지하기 위해 각 인물의 소감을 교차 편집하여 진행합니다. 이는 각 인물의 진솔한 감정을 끌어내고, 시청자에게는 다양한 시각을 제공합니다. 촬영 시, 우리는 한국의 여러 다양한 로케이션을 배경으로 인물들의 생생한 인터뷰를 담아내고, 그들의 전문성이나 독특한 시각을 드러낼 수 있을 것 입니다. 또한, 각 인물의 말을 최대한 자연스럽고 진정성 있게 전달하기 위해 스크립트에 의존하기 보다는 즉흥적인 질문들을 던져 그들의 자연스러운 반응을 포착할 예정입니다. 이러한 방법은 그들의 개인적 경험과 전문성을 호스트와의 대화 형식으로 여과 없이 전달하게 됩니다.
둘째, 영상의 편집 과정은 통합된 스토리라인을 통해 시청자의 이해를 돕기 위한 방식으로 구성될 것입니다. 긴 형식의 비디오에서는 처음부터 끝까지 시청자들이 자연스럽게 몰입할 수 있도록 흐름을 고려한 배치를 할 것이며, 촬영 전 각 인물에 대한 배경 조사와 그들이 겪었던 가장 중요한 경험에 대해 깊이 있게 토론하는 시간을 가질 것입니다. 한국의 특정 문화적 요소나 사회적 맥락을 필요에 따라 추가하여, 이 과정에서 화자를 돋보이게 하고 그들이 전하는 메시지를 풍부하게 만들 것입니다. 최종적으로는, 영상의 각 요소가 유기적으로 연결되어, 관객이 실질적인 깨달음을 얻고 감정적으로 동화될 수 있는 진정한 이야기로 만들고자 합니다."
110,[#나혼자산다] 안 맞아도 너무 안 맞아! 잔소리 대마왕 민호와 리액션 맛집 키의 찐친 모먼트😵‍💫✨,celeb,long_form,86,"이 영상은 두 사람들이 숙취를 이겨내며 나누는 유쾌한 대화를 중심으로 구성됩니다. 시작 장면에서 인물들은 어젯밤의 파티를 회상하며 고통스러운 숙취를 겪고 있다는 내용을 보여줍니다. 이를 통해 관객들은 그들의 리얼리티와 친근감을 느낄 수 있습니다. 촬영 장면은 주로 주방 또는 거실처럼 아늑하고 자연스러운 공간에서 이루어지며, 대화 중간중간 찰칵찰칵 소리가 나는 음식 준비 과정도 함께 담깁니다. 예상되는 설정으로는 음식을 요리하며 서로 간의 체크리스트처럼 대화를 이어가는 모습입니다. 이를 통해 관객들은 두 사람의 관계나 개인적인 특성을 발견하게 됩니다.
가장 큰 포인트는 두 사람이 서로에게 약간의 비꼼과 농담으로 대화를 이어가며 진정한 우정을 드러낸다는 점입니다. 이들은 한편으로는 친근하게 서로를 놀리면서도 반면 서로를 챙기는 모습으로 균형을 맞추고 있습니다. 이러한 여러 가지 대화들은 일상적이면서도 유머가 넘치는 스토리라인을 만들어 주며, 관객들은 이야기에 몰입하게 됩니다. 이런 연출자 아이디어로 주문형 비디오를 제작하는 경우, 서울의 어느 아늑한 카페나 현대적인 주택 등을 세팅 장소로 고려할 수 있습니다. 카메라는 인물들의 표정을 잘 지원할 수 있도록 다양한 각도에서 움직이며, 배경 음악은 경쾌하고 심플한 형태로 깔리면서 관객들의 긴장을 완화하는 데 도움을 줄 것입니다."
111,[#티전드] (감동파괴) 구구절절 단점 고백했더니 왜 게임 버저가 되는 거죠?^^ 나PD에겐 무조건 단답하는 게 답,entertainment,long_form,71,"이 비디오는 여러 유명 인사들이 자신의 단점을 고백하며 소통하는 형식으로 구성되어 있습니다. 각 출연자는 자신이 느끼는 단점에 대해 솔직하게 이야기하고, 서로의 이야기를 듣고 공감하는 과정을 통해 인간적인 면모를 드러냅니다. 특히 출연자들은 개인적인 단점 외에도 동료들과의 관계 등을 고민하며, 이를 유머러스하게 전달하려고 합니다. 이 영상은 한국에서 다양한 시청자들과 소통하기에 적합합니다. 촬영은 카메라를 중심으로 한 일종의 토크쇼 형식으로 진행을 하고, 출연자들이 한 자리에 모여 대화하는 풍경을 느낄 수 있도록 할 것 입니다. 편안한 소파와 주제에 맞는 소품으로 세팅하여 시청자들이 편안한 대화의 장면을 상상할 수 있게 합니다. 촬영 후에는 각 출연자들의 단점에 대한 이야기와 그로 인해 벌어지는 소소한 에피소드를 편집하여 생동감을 주는 방식으로 진행할 것입니다. 이와 같은 내용은 시청자들에게 공감과 위로를 줄 것으로 기대합니다."
112,"[#뿅뿅지구오락실2] 다시 돌아온 전설의 명대사 퀴즈🔥 드라마 이름은 아는데 대사가 기억 안 나는 영지가 답한 정말 엥(?)스러운 정답 ""니 재산에 이 학교를 무슨 염치로?""",entertainment,long_form,71,"이 비디오에서는 한국 드라마의 명대사를 조명하며 참가자들이 서로의 기억을 테스트하는 재미있는 게임이 펼쳐집니다. 주로 남녀 두 그룹이 드라마 속 유명한 대사를 추측하는 형식으로 진행되며, 각 대사에 대한 적중 여부로 점수를 계산합니다. 이 영상의 가장 흥미로운 점은 한국에서 가장 사랑받는 드라마의 순간들을 재조명하며 팬들과의 공감대를 형성하는 것입니다. 촬영은 주로 실내에서 진행되며, 참가자들이 대사를 맞추기 위해 열띤 경쟁을 벌이는 모습을 클로즈업 형식으로 다루고, 게임 진행자의 유머와 패널들의 반응을 함께 담아내 물 흐르는 듯한 자연스런 흐름으로 시청자들이 몰입할 수 있도록 할 것입니다. 한국의 다양한 드라마를 언급하면서, 드라마의 주요 순간들과 참가자들이 그 대사들을 어떻게 기억하고 있는지를 탐구함으로써, 드라마 팬들이 느낄 수 있는 향수를 자극하고 흥미를 유도할 것입니다."
113,[10月의 무도] 남자 6호:내가 뭘 잘못했는데요?(억울) 다!!!!!😫 우정촌에서 벌어지는 감성 추리ඞ “짝꿍” 2편,entertainment,long_form,90,"이 비디오는 시청자에게 한 남자들의 첫인상과 서로 간의 경합을 담아내는데, 구체적인 상호작용과 감정의 흐름을 보여줍니다. 특히 7명의 남자들이 자신의 매력을 어필하고 서로의 점수를 평가하는 과정은 매우 흥미롭습니다. 이 영상을 한국에서 촬영할 계획이라면, 남자들의 첫 만남, 그들이 각자 소개하는 장면, 그리고 점수를 부여하는 체계적인 방식이 자연스럽게 연결되도록 할 것입니다. 특히 남성들의 각기 다른 성격과 매력을 부각하기 위해 그들의 제스쳐, 표정, 그리고 말투에 주의를 기울이겠습니다. 각 남자의 독특한 특성과 에피소드를 통해 관객이 쉽게 공감할 수 있도록 할 것입니다. 촬영 장소는 한국의 유명 카페나 공원으로 설정해 그들이 자연스럽게 대화하고 관계를 구축하는 모습을 잘 담아낼 예정입니다.
영상의 흐름은 남자들이 한판 승부를 벌이듯 서로 평가하며 각자의 매력을 끌어내는 식으로 진행됩니다. 남자들이 자신의 취미, 직업, 그리고 그들의 이야기들을 나누며 악기와 같은 표현력 있는 장면들이 중간중간 보일 수 있도록 유도할 것입니다. 예를 들면, 남자 2호가 자신의 직업이나 취미에 대해 이야기할 때, 그와 관련한 이미지를 함께 보여주어 시청자에게 이해를 돕는 형식으로 할 것입니다. 이런 방식으로 각 남자의 첫인상 점수와 관객들의 반응을 적극적으로 미러링하여 영상이 지루해지지 않도록, 각 장면마다 다채로운 감정과 매력을 나타낼 수 있도록 하겠습니다."
114,[#뿅뿅지구오락실2] 김미현 본업 모먼트ㄷㄷ 다들 잊지 마 미미 아이돌인 거⭐ 4번의 기본기에 머리 쓸기 말만 듣고 박진영 Groove Back 안무 완벽 재현한 오마이걸 메덴💯,entertainment,long_form,80,"이 영상은 흥미로운 아이돌 연습 세션을 관찰하는 데 초점을 맞추고 있으며, 다양한 춤 동작과 그에 대한 각 멤버의 반응, 그리고 연습 결과를 재미있고 유쾌하게 담아내고 있습니다. 촬영은 한국의 여러 유명 아이돌 연습실에서 진행될 예정이며, 생동감 넘치는 분위기를 최대한 살리기 위해 다양한 카메라 앵글과 크로스 컷 편집을 활용할 것입니다. 예를 들어, 각 멤버들이 안무를 배우고 익혀가는 과정, 서로 피드백을 주고받는 장면 등을 가까운 거리의 카메라로 잡아 그들의 표정과 몸짓에서 나오는 긴장감과 설렘을 전달할 계획입니다. 또한, 음악의 비트에 맞춘 편집과 함께 뒤에 나오는 설명을 추가하여 관객들이 각 무브먼트를 보다 쉽게 따라할 수 있도록 도울 것입니다. 이 모든 과정을 통해 시청자들은 실제 연습 과정에서의 긴장감과 재미를 생생하게 느낄 수 있을 것입니다."
115,한 달을 차에서 먹고산 행사철 다비치,food_cooking,long_form,75,"이번 영상에서는 다비치가 다양한 중식 메뉴를 소개하며 음식 리뷰를 진행하는 모습을 담고 있습니다. 촬영은 인천의 다채로운 행사들과 함께 진행됩니다. 각 이벤트 중 그들이 맛보는 음식들은 잡채밥, 탕수육, 명품 김밥 등이며, 이들 각각의 음식이 가지고 있는 특별함을 부각시키기 위해 각 요리를 자세히 관찰하고 다비치의 생생한 반응을 촬영할 계획입니다. 각 음식의 조리 과정과 함께 요리를 만든 셰프와의 인터뷰를 추가하여 그 음식의 배경과 특성을 시청자에게 전달할 예정입니다. 아침부터 시작된 촬영은 음식의 바삭한 식감과 짭조름함을 강조하기 위해 근접 촬영이 많이 들어갈 것입니다. 중식의 헤일로를 경험하는 다비치 멤버들의 쾌활한 대화와 촬영 시 주어지는 자연스러운 분위기를 통해 보는 이를 즐겁게 할 수 있을 것입니다. 이 외에도 다양한 강남의 맛집 리뷰와 그들의 소중한 순간들을 담아내어, 음식과 일상이 어떻게 서로 연결되는지를 탐구하는 심도 있는 콘텐츠를 만들 계획입니다."
116,소개팅의 진화: 창과 방패의 대결,life_style,long_form,83,"이번 비디오에서는 전통적인 소개팅을 현대적으로 재해석하며 흥미진진한 대결 구도를 만들어낼 예정입니다. 두 명의 진행자는 남성과 여성 각각으로 출연하겠으며, 서로에게 지령을 내리는 형태로 진행됩니다. 이 과정을 통해 자연스러운 대화와 함께 예기치 않은 상황들이 발생할 수 있도록 할 것입니다. 카메라는 진행자들 사이의 긴장감 있는 순간과 장면 전환을 부각시켜 시청자들이 몰입하고 즐길 수 있도록 편집할 예정입니다. 영상은 캐주얼한 분위기에서 시작하여, 각자 목표를 설정하고 서로의 반응을 이끌어내는 방식으로 진행됩니다. 촬영지는 서울의 이색적인 카페나 식당을 선정하여 관객들에게 시각적으로도 매력적인 요소를 제공할 것이며, 소음과 분위기가 적합한 장소를 통해 실제 소개팅이 진행되는 듯한 느낌을 강조하겠습니다. 카메라 앵글은 다양한 각도로 사람들의 표정이나 반응을 포착할 것이며, 컷마다 대화의 흐름이나 감정을 잘 드러낼 수 있도록 노력할 예정입니다."
117,안녕하세요 원숭이입니다,movie,long_form,81,"이 영상은 소개팅을 주제로 한 유쾌한 대화와 상황극을 중심으로 진행된다. 제작자로서 이 영상을 한국에서 촬영할 때, 여러 요소에 주목해야 한다. 첫 번째로, 영상의 분위기를 결정짓는 배경이 매우 중요하다. 서울의 유명한 바나 카페에서 촬영하면 좋을 듯하다. 특정 장소의 매력적인 인테리어와 분위기를 통해 시청자에게 색다른 시각적 경험을 제공할 수 있다. 또한, 등장인물들이 나누는 대화는 자연스럽고 현실적인 느낌을 주도록 유도해야 한다. 자주 쓰이는 유머 코드나 대화 주제로 친숙함을 줄 수 있으며, 그러한 요소는 시청자들과 강한 공감을 이끌어낼 수 있다.
또한, 영상의 흐름을 통해 각 출연자들의 성격을 드러내는 것이 중요하다. 이를 위해 각 캐릭터의 배경 정보를 사전에 설정해 두고, 이를 바탕으로 즉흥적인 대화를 이끌어 내야 한다. 예를 들어, 모델과 가수 역할을 맡은 출연자들이 서로를 놀리는 장면에서 그들의 진솔한 감정을 보여줄 수 있는 대사가 끼어들기 좋다. 시청자들은 이러한 상호작용을 통해 각 캐릭터에 대한 호기심과 흥미를 느낄 수 있다. 촬영 시에는 다양한 카메라 앵글을 활용하여 장면을 더 동적으로 만들고, 등장 인물들의 표정과 몸짓을 클로즈업하여 세심한 감정 표현을 담아내는 것이 좋다."
118,집순이들이 말아주는 내향형 플러팅😘 ㅣ미주&윈터 [셀폰KODE],life_style,long_form,82,"이번 영상에서는 유쾌한 두 캐릭터인 귀요미와 청양고chu~♥가 서로를 알아가는 과정을 블렌드하여 촬영해보려 합니다. 두 캐릭터의 대화는 유머와 호기심을 바탕으로 진행되며, 그들의 상호작용은 심도 있는 관계를 구축하는 데 도움을 줄 것입니다. 귀요미의 관찰력 있는 질문과 청양고chu~♥의 진솔한 답변은 이 개성 넘치는 캐릭터들이 서로의 취향과 성격을 이해해가는 모습을 드러내는 중요한 요소가 될 것입니다. 이 대화의 뼈대는 친구 또는 잠재적인 친구와의 환상의 연결을 기반으로 하여, 각각의 대화 주제가 독특한 매력을 더할 수 있도록 설정될 것입니다. 예를 들어, 귀요미가 청양고chu~♥의 닉네임에 대해 궁금해 하며 시작되는 대화는 그들의 취미와 관심사를 탐색하는 재미있는 시작점이 될 것입니다. 우리의 목표는 마치 실제 친구처럼 여기는 것 없이 자연스럽고 그리고 진솔하게 교류하는 모습을 구현하는 것입니다.
촬영 방식은 인터뷰 형식을 유지하면서, 다양한 앵글에서 등장인물들의 표정과 반응을 상세히 담아내는 것에 중점을 둘 것입니다. 초점을 맞춘 클로즈업 장면을 통해 귀요미와 청양고chu~♥의 미세한 표정 변화와 감정이 담긴 순간들을 포착하고, 소통의 생동감을 더욱 부각시킬 것입니다. 촬영지는 서울의 다양한 카페나 공원으로 설정하여 보이는 시각적 배경에 로맨틱한 느낌을 더하는 한편, 편안한 분위기를 조성할 수 있도록 하겠습니다. 물론, 영상의 전반적인 흐름과 리듬을 잘 유지하기 위해 대화의 템포를 조절하고, 두 캐릭터가 눈치를 챌 수 있는 유머러스한 상황들을 이끌어내는 것이 중요합니다."
119,아이돌 팬 단톡방에 숨은 머글 찾기 (feat.키 본인등판) | PIXID,celeb,long_form,83,"이 영상은 팬과 아이돌 간의 유쾌한 소통을 다룬 내용을 포맷팅한 채팅방 게임으로 구성되어 있습니다. 첫 번째로, 영상은 대화 형식을 통해 5명의 아이돌 팬들 각자가 자신을 소개하는 것으로 시작됩니다. 그들은 다양한 닉네임을 가지고 있으며, 서로의 아이돌인 키에 대한 깊은 애정을 드러냅니다. 이 영상의 가장 흥미로운 부분은 팬들이 비밀리에 한 사람을 '머글'(팬이 아닌 사람)로 지목해 찾아내야 한다는 점입니다. 이를 통해 그들의 팬 경험과 더불어, 서로의 아이돌에 대한 사랑을 나누는 모습을 강조하고 싶습니다. 이에 따라 한국의 여러 장소에서 팬 미팅이나 아이돌 관련 특별한 이벤트를 촬영하여, 그곳에서 한국 팬들이 어떻게 아이돌과의 연결을 느끼고 있는지에 대한 생생한 경험담을 담아보겠습니다. 이를 통해 시청자들이 진정한 팬이란 무엇인지에 대한 통찰을 얻게 하고, 사랑하는 아이돌에 대한 열정을 공유하는 기회를 제공하고 싶습니다."
120,몬베베 사이 숨은 가짜 몬베베 찾기 (feat. 몬스타엑스)｜PIXID,celeb,long_form,98,"이번 영상에서는 몬스타엑스의 팬인 주인공이 자신이 사랑하는 아티스트 몬스타엑스를 따라 전국 투어를 떠나는 과정을 담아낼 예정이다. 주인공은 영상이 시작되자마자 몬스타엑스와 깊은 인연을 맺고 있어 팬들 사이에서 느끼는 특별한 감정을 강조하며, 이를 통해 시청자와의 공감대를 형성한다. 영상은 주인공이 오랫동안 꿈꿔온 몬스타엑스의 공연을 관람하기 위해 일정한 준비 과정을 거치는 장면으로 시작된다. 연습하는 모습이나 콘서트 관련 굿즈를 사는 모습 등이 포함되어 몬스타엑스 팬으로서의 일상을 공유하게 된다.
주목할 것은 주인공이 거리에서 몬스타엑스의 노래를 부르거나, 공연 전 팬들 사이의 긴장감과 흥분을 표현하는 장면이다. 영상은 다양한 카메라 앵글과 효과를 통해 생동감을 부여하며, 특히 팬들과 함께한 촬영과 공연 관련 뒷이야기를 담아 더욱 몰입감을 줄 것이다. 또한, 몬스타엑스의 뮤직비디오에 등장했던 장소들을 돌아다니며 촬영하여 해시태그와 함께 소셜 미디어에 극찬하는 장면을 삽입함으로써 팬들이 공유하는 즐거움을 강화할 수 있도록 할 예정이다. 마지막은 몬스타엑스 공연이 끝난 후의 여운을 이야기하며, 앞으로의 투어에 대한 기대감을 내비치는 감성적인 마무리로서 감정적인 여운을 남기겠다."
121,[무도] “네가 나한테 매달렸잖아” 혼을 쏙 빼놓는 밀당 기술💖해볼라고~🌞 ‘자유로 가요제’ 1편 MBC130928방송,entertainment,long_form,97,"본 영상은 패션과 일상적인 대화가 얽혀 진행되는 흥미로운 형식으로, 여러 출연자가 각자의 경험과 취향에 대해 나누는 모습을 보여줍니다. 첫 부분에서는 주인공이 패션의 중요한 요소로 다양한 스타일을 소개하며, 직접 룩을 보여줍니다. 이 장면을 촬영할 때는 카메라를 특정 각도로 고정시키고, 패션 아이템에 집중하여 시청자가 쉽게 따라올 수 있도록 편집할 예정입니다. 또한, 출연자들 간의 동적인 상호작용을 통해 더 사실적이고 생동감 넘치는 분위기를 조성할 것입니다. 재치 있는 유머가 포함된 대화는 관객의 관심을 끌기에 충분하며, 이 점을 잘 활용해 튼튼한 구성의 스크립트를 작성하는 것이 중요합니다.
영상의 중반부에는 출연자들이 각자의 패션 경험을 공유하며 서로의 스타일에 대한 피드백을 주는 장면이 있습니다. 이 화합된 대화는 자연스러운 흐름으로 이어져야 하며, 카메라는 출연자들의 표정과 신체 언어에 초점을 맞추어 감정을 전달할 수 있도록 할 것입니다. 또한 이러한 대화의 이면에 있는 각자의 패션 철학과 선택의 이유를 심도 있게 조사하여 각출연자의 개성을 드러내는 방향으로 이야기를 진행할 것이며, 각각의 스타일에 어떻게 개인적인 표현이 반영되는지를 관찰해야 합니다. 마지막에는 촬영한 패션 룩의 결과물을 공개하고, 전체적인 작업 과정을 회상하는 방법으로 영상의 마무리를 지을 것입니다."
122,"사장님 놀라서 전화옴ㅋㅋㅋ(엽떡 할인, 꿀조합 공개)",food_cooking,long_form,74,"이번 영상에서는 엽기떡볶이를 중심으로 다양한 토핑과 사이드 메뉴를 조합하여 소개하는 내용을 다루고자 합니다. 첫 시작 부분에서는 제가 대량으로 주문한 엽기떡볶이의 목록을 강조하며, 시청자들에게 해시태그와 함께 특별히 준비한 할인 이벤트를 소개할 계획입니다. 특히, 떡볶이의 가격과 양에 대해 언급하고, 떡볶이의 시각적 비주얼을 중요한 요소로 삼아 미리 준비한 디스플레이를 통해 엽기떡볶이와 각종 토핑을 세팅하는 장면을 촬영할 예정입니다. 이때 조명과 카메라 앵글을 조정하여 생생한 느낌을 전달할 수 있도록 하겠습니다. 재미있고 흥미로운 주제로 시청자들이 즐길 수 있도록 구성하면서, 떡볶이에 대한 다양한 정보와 팁도 함께 제공할 것입니다.
촬영 과정에서는 각 메뉴의 맛평가와 조합에 대한 감정을 생생하게 전달하기 위해 리액션을 강조할 것입니다. 각 토핑의 특징을 부각시키고, 어떻게 잘 어우러지는지에 대한 설명을 추가하여 시청자들이 영상을 보고 쉽게 따라할 수 있도록 할 것입니다. 또한, 엽기떡볶이의 특별한 조리법이나 새로운 조합을 시도하는 모습도 담을 것입니다. 마지막에는 총평을 통해 어떤 조합이 가장 맛있었는지를 정리하고, 할인 이벤트에 대한 재언급으로 마치며, 시청자들의 참여를 유도하겠습니다."
123,(ENG) 다들 성심당 성심당 하길래 얼마나 맛있나 먹어봤더니 성심당 성심당ㅣ대전 성심당 빵 리뷰ㅣ할명수 ep.189,food_cooking,long_form,93,"이 영상에서는 대전의 유명한 제과점 성심당을 방문하여 다양한 빵을 리뷰합니다. 촬영은 성심당 내부에서 진행하며, 고유의 분위기를 강조하기 위해 자연광을 최대한 활용할 예정입니다. 첫 장면에서는 성심당의 외관을 드론으로 촬영하며 매력적인 시작을 알리고, 이어서 내부의 다양한 빵들을 자세히 담아낼 것입니다. 사람들의 붐비는 풍경과 그에 따른 감정을 표현하기 위해 실제 고객들의 반응도 담을 예정입니다. 또한, 각각의 빵에 대한 박명수의 솔직한 리뷰와 음식을 먹는 순간의 ASMR 효과를 통해 시청자들에게 생생한 맛을 전달하겠습니다.
각 빵에 대한 설명과 함께 짧은 인터뷰 형식으로 가게의 역사와 인기 메뉴에 대한 정보를 담아 시청자들에게 성심당에 대한 깊이 있는 인식을 줄 것입니다. 빵을 손에 집고 한 조각씩 나눠 먹으며 각 빵의 특성을 세심하게 분석하고 평가할 예정입니다. 맛을 평가할 때는 개인적인 취향을 반영하되, 더 많은 사람들이 쉽게 느낄 수 있는 맛의 공감을 불러일으키는 방식으로 진행할 계획입니다. 영상의 전반적인 흐름은 즐겁고 유머러스하며, 불필요한 광고나 PPL은 지양하고 오로지 솔직한 리뷰에 중점을 두겠습니다.
앞서 언급한 대로, 촬영에는 빵을 만지거나 먹을 때 소리가 잘 들릴 수 있도록 마이크를 중요한 위치에 두어 소리도 잘 담기게 할 것이며, 영상의 편집 과정에서는 빠른 템포와 심플한 비주얼로 지루한 느낌을 주지 않도록 유의하겠습니다. 리뷰하는 각 빵의 매력을 한껏 강조하기 위해 각 컷이 잘 연결되도록 동선과 각도를 고민하는 것도 잊지 않겠으며, 시청자들이 편안하게 시청할 수 있는 경험을 준비하겠습니다."
124,[ENG] 대한민국 최고의 ㅂㅅ🍨 최고의 뒤져...ㄸ... 여름이 세상에서 제일 싫어여...☀💦 | 설빙 알바 리뷰 | 워크맨 ep.110,entertainment,long_form,90,"본 영상은 여름철 인기 디저트인 빙수 가게 설빙에서 아르바이트 체험을 하는 과정을 담고 있습니다. 크리에이터는 오전 9시에 출근하여 다양한 업무를 수행하는 모습을 담아냅니다. 영상은 처음 출근 준비와 점장님과의 간단한 인터뷰, 팀원들과의 소통을 보여주며, 설빙 알바의 생생한 하루를 전달합니다. 이어지는 과정에서는 빙수를 만드는 법, 고객 응대, 주문 받기 등의 일상적인 작업들이 포함되어 끊임없이 변화하는 상황 속에서의 긴장감과 유머를 형성합니다. 마케팅 측면에서, 이러한 체험기는 많은 사람들이 여름철에 빙수를 즐기는 모습을 보여줄 뿐만 아니라, 알바에 대한 궁금증을 해소하며 가게의 분위기를 실감나게 전달합니다. 촬영은 카메라를 실제 매장에 설치해 일상의 흐름을 자연스럽게 보이도록 하며, 주요 매장 내부와 외부에서 직원과 고객의 상호작용을 포착하는 방식을 사용할 것입니다."
125,고능한 아이돌인 내가 이 세계에서는 킹받는 아저씨?!ㅣ강민경&aespa 닝닝 [셀폰KODE],celeb,long_form,65,"이 영상은 서로 다른 캐릭터들을 가진 두 주인공이 재미있고 유쾌한 대화를 나누는 모습을 담고 있습니다. 나는 이 두 인물, 님아와 냥희의 캐릭터를 명확히 드러내면서 그들의 개성을 부각시킬 프로젝트를 구상하고자 합니다. 촬영은 한국의 다양한 배경을 활용할 예정이며, 특히 카페나 거리, 공원 등의 자연스러운 배경을 통해 시청자에게 친숙한 감정을 불러일으킬 것입니다. 이들은 대화 중에 서로의 성격을 탐구하고, 개그와 농담을 섞어가며 시청자에게 웃음을 전할 수 있을 것입니다. 또한, 촬영은 이들의 캐릭터와 스타일에 맞춘 다양한 카메라 앵글을 활용할 예정이며, 진솔한 순간들을 담아내고자 하며, 자연스러운 즉흥 연기를 이끌어내겠다는 목표를 가지고 있습니다.
두 번째로, 각 캐릭터의 독특한 진입 방식과 대화 형태가 드러나는 장면들이 필요할 것입니다. 각자의 대사를 함께하면서 서로를 놀리고, 생기는 화학작용을 담기 위해 충분한 리허설과 즉흥 연기를 준비할 것이며, 이러한 자연스러운 상호작용은 시청자들에게 진정한 재미를 선사할 것입니다. 또한, 시청자와의 교감을 높이기 위해 몇 가지 선택사항에 따른 반응을 촬영하여 댓글로 의견을 받는 방식으로 인터랙션을 더욱 강화할 것입니다. 이 영상은 단순히 웃음을 주는 것뿐만 아니라 각 인물의 깊은 캐릭터를 탐구할 수 있는 기회가 될 것입니다."
126,아 제발 꿈,movie,long_form,91,"이번 영상은 일상적인 대화 속에서 발생하는 재미있는 상황들을 중심으로 구성할 것입니다. 영상은 대화하는 커플이 카페에서 일어나는 에피소드를 통해 유머와 현실적인 문제들이 격돌하는 모습을 보여줍니다. 카메라 앵글은 두 사람의 긴밀한 대화를 강조하기 위해 주로 클로즈업을 사용하며, 배경 음악으로 분위기를 더욱 경쾌하게 만들어줄 것입니다. 또한, 당사의 목표는 한국 청년층의 특성과 관계의 복잡성을 유머러스하게 풀어내는 것입니다. 영상의 서두에서는 정체불명의 바이러스 전염 소식으로 시작해 청중들에게 불안감을 조성합니다. 그 후, 주인공들이 평범한 일상을 겪으면서 벌어지는 의사소통의 문제를 에피소드별로 나눠 구성할 예정입니다. 주요 포인트는 하루하루의 갈등이 쌓여 상대방에 대한 오해가 커지는 모습을 그리고, 결국 함께 하루를 마무리하게 되는 모습으로 마무리 지을 것입니다."
127,역대급 레전드 응급실 썰 푼다 [을지대 응급구조학과] | 전과자 ep.71 [EN],education,long_form,74,"이 비디오는 응급구조학과에 대한 소개와 학생들의 실습 과정을 영상으로 담아내는 형식입니다. 카메라는 을지대학교 응급구조학과의 수업과 실습 현장을 중심으로 촬영되며, 실제 응급 상황에서 필요한 기술과 지식을 배우는 학생들의 모습을 자세히 보여줍니다. 비디오의 시작은 진행자가 성남 남한산성 입구에서 착용한 구급대원의 복장을 소개하면서 시작됩니다. 이곳에서 응급구조학과의 다양한 프로그램과 수업 내용을 알차고 유머러스하게 풀어냅니다. 촬영지는 을지대학교이며, 이곳에서 진행되는 수업과 실습을 통해 학생들은 다양한 응급 상황에 대비하고 필요한 기술을 연습하게 됩니다.
각 수업에서는 학생들이 참가하여 시뮬레이션된 상황을 통해 실제 응급 처치 방법을 익히고, 각종 장비를 활용하는 모습을 보여줍니다. 특히, CPR(심폐소생술) 및 응급 상황에서의 팀워크를 강조하며, 학생들 간의 대화와 서로의 경험을 공유하는 모습이 부각됩니다. 이러한 과정에서 학생들은 의료진으로서의 직업의식을 배우고, 실제 상황에서 직면할 수 있는 다양한 시나리오를 연출하여 실습합니다. 이 비디오는 응급 의료의 중요성과 준비성을 인식하게 하며, 긴박한 상황 속에서도 차분하고 전문적으로 대응해야 함을 강조할 예정입니다."
128,주작 아님 개그우먼 아님,beauty,long_form,77,"이번 영상에서는 알리에서 구매한 다양한 화장품을 사용하여 풀 메이크업을 시도하는 과정을 보여줄 계획입니다. 메이크업에 앞서 스킨 케어도 중요하므로, 가벼운 스킨 케어 루틴을 간단히 소개하며 시작할 것입니다. 한국의 겨울 날씨를 고려하여 보습 크림과 로션을 사용하여 피부 보호에 중점을 두고, 사용한 제품 설명과 효과를 공유할 예정입니다. 이후, 메이크업 과정을 차례대로 보여주며 각 제품의 특징과 사용법도 설명할 것입니다. 특히, 파운데이션을 처음 사용할 때 발생한 에피소드와 함께 사이즈가 작아 당황했던 경험을 통해 시청자들에게 실질적인 조언도 전달하겠습니다. 또한, 각 단계에서 색상 테스트와 발색 정도를 보여주며 나와 같은 초보자도 쉽게 따라 할 수 있도록 유도하겠습니다.
메이크업 과정에서는 사용하는 제품의 재질과 질감에 대한 설명도 포함할 예정이고, 변화를 느끼며 어떻게 색 조합이 이루어지는지를 보여주기 위해 메이크업을 진행하면서 고찰하는 시간을 가질 것입니다. 마지막으로 메이크업이 완료된 후의 전체적인 룩을 소개하면서 어떠한 A/B 테스트를 통해 착용감과 지속력을 평가하는 시간도 마련할 것입니다. 이를 통해 사용한 화장품의 가성비와 효과성을 공유하며, 실생활에서의 활용 방안을 제안할 계획입니다. 한국에서 이 영상을 촬영하게 된다면, 다양한 메이크업 스튜디오나 유명 브랜드 매장에서 제품을 직접 테스트해 보거나, 현지 뷰티 유튜버와의 협업을 통해 시청자의 흥미를 유도하는 콘텐츠도 포함될 수 있겠습니다."
129,친구 팔기,entertainment,long_form,67,"이 비디오의 주제는 친구들 간의 가벼운 대화와 질세기를 통해 문제를 이야기하는 것에 대한 것입니다. 영상을 촬영하기 위해서는 한국의 PC방을 배경으로 할 예정입니다. PC방은 한국에서 매우 인기 있는 장소로, 친구들이 게임을 하거나 놀이터처럼 사용되는 곳입니다. 촬영 장소는 컴퓨터와 게임 슬롯이 있는 PC방의 다양한 모습들로 구성될 것입니다. 카메라는 주로 두 친구 간의 대화를 중점적으로 촬영하며, 친구들의 유머와 걱정거리들에 대한 이야기를 잘 담아낼 것입니다. 게임 중간중간 삽입된 컷씬이나 매끄러운 전환을 통해 관객들에게 생동감을 전달할 수 있도록 할 것입니다. 주빈과 태용의 대화는 그들 사이의 유대감을 더욱 강조하고, 그들이 서로의 고민을 어떻게 나누고 해결하는지를 보여줄 것입니다.
영상의 주요 구조는 다음과 같습니다. 처음에는 친구들이 게임을 시작하며 즐거운 대화를 나누는 장면이 담기고, 그 이후에는 태용이 곤란한 상황에 대해 털어놓으려는 모습을 포착합니다. 이 부분에서는 친구 간의 진솔한 대화가 중요한 주제가 될 것이며, 시청자들은 그들의 감정선에 공감하며 이야기를 따라갈 수 있습니다. 이러한 대화의 깊이를 보여줄 수 있도록, 조명과 음향에도 신경을 써서 시청자들에게 진정성과 함께 전달될 수 있도록 할 것입니다. 마지막 장면에서는 각자의 고민이 해소되지 않더라도 위로와 화합의 장을 마련하며, 카메라가 뒤로 물러나며 모든 장면을 포착할 수 있는 기회를 제공하겠습니다."
130,[GOING SEVENTEEN] EP.116 하루 만에 건너라니 이건 너무한 거 아니냐고! #1,entertainment,long_form,80,"이번 영상은 팀을 나누어 6대 6으로 페트병을 활용하여 배를 만들어 파도를 건너는 도전 내용을 담고 있습니다. 캐릭터간의 현장감 넘치는 소통과 웃음으로 가득한 분위기 속에서, 각각의 멤버가 팀워크를 통해 배를 만드는 과정을 재미있게 보여줍니다. 영상은 멤버들이 배를 만들기 위해 아이디어를 제안하고, 팀원들과의 협력 아래 다양한 디자인을 실험하며 자연스럽다 기발한 방식으로 배를 만들고, 그 과정에서 발생하는 다양한 에피소드를 중심으로 진행됩니다. 촬영은 한국의 해변 또는 바다 근처에서 이루어질 예정이며, 여러 앵글과 클로즈업을 통해 멤버들의 표정, 작업 과정 및 분위기를 생생하게 전달할 것입니다. 이 기획은 유머와 협동의 중요성을 강조하며 긍정적인 메시지를 전달하는 데 중점을 두겠습니다. 에피소드를 나눈 후 각 팀의 배가 어떻게 만들어지고, 어떤 결과를 얻는지에 대한 반전도 재미있게 편집하여 시청자들에게 흥미진진한 클라이맥스를 선사할 계획입니다."
131,아 문제 뭘 내지,education,long_form,82,"이번 영상에서는 수능 출제위원들의 준비 과정을 심층적으로 탐구합니다. 영상의 시작은 출제위원들이 모여 대화를 나누는 장면으로 부드럽게 시작되며, 지난해와 올해의 수험 상황을 비교하는 나레이션을 통해 학생들이 처한 상황의 변화를 짧게 소개합니다. 이를 통해 수험생들이 아는 것보다 훨씬 많은 규정과 감시 속에서 출제위원들이 일하고 있음을 강조하려 합니다. 현장에서는 교수가 제안한 문제의 난이도나 형식에 대한 논의가 활발하게 이루어지고, 학생들이 보다 이해하기 쉬운 문제로 출제되기 위한 고민이 포착됩니다. 예를 들어, 고전 시가 문제에서 어떤 특정한 가사를 사용하지 말라는 요청이나, 존댓말을 사용하는 문제 유형으로의 전환은 전부 학생들을 배려한 결과임을 보여줍니다. 이 모든 균형은 학생들과의 소통을 중시하는 출제위원회의 의도를 나타냅니다. 카메라는 출제위원들의 표정과 대화를 클로즈업하여 그들 사이의 긴장을 생생하게 전달합니다.
더 나아가 우리는 수상한 점이나 과거의 오해 사례를 언급하며 출제위원들이 얼마나 신중하게 접근하는지를 드러냅니다. 특정 문제로 인해 학생들이 어려움을 겪었던 상황을 회상하면서, 그들에게 미칠 수 있는 영향을 깊이 고려하고 있음을 알립니다. 중간중간 호텔에서의 식사 장면이나, 보안 문제 등 실제 현장의 모습을 함께 담아 세계적인 테스트 준비가 얼마나 복잡한지를 강렬히 보여주려 합니다. 이후 출제위원들이 대화한 내용을 바탕으로 수험생들을 위한 가이드를 제공하면서 영상의 마무리를 준비합니다. 한편, 영상 내에서 특별한 잊지 못할 순간을 강조하며 직접 관찰한 교훈이나 메시지를 전달하는 것 또한 중요합니다. 이를 통해 출제위원들과 학생들 간의 간극을 좁히고, 서로의 노력을 더욱 높게 평가할 수 있도록 유도합니다."
132,지금은 오전 10시 저희는 스트레칭을 하고 있습니다. 수원 왕자의 웜업캠🎥 [2024 마무리캠프],sports_health,long_form,93,"이 비디오는 운동 후 스트레칭을 통해 몸의 회복과 유연성을 증진시키는 방법을 이야기합니다. 영상의 초반부에서는 트레이너 강건민이 등장하여, 스트레칭의 중요성과 어떻게 하면 올바르게 스트레칭할 수 있는지에 대한 간단한 설명을 제공합니다. 카메라는 자연광이 비치는 야외에서 촬영될 예정이며, 다양한 각도에서 스트레칭 동작을 촬영하여 시청자들에게 더욱 실감나게 스트레칭 과정을 전달합니다. 특히 시청자들이 따라 하기 쉽도록 동작 하나하나를 천천히 상세히 보여줄 계획입니다. 이 과정에서 각 동작의 효과와 주의사항에 대한 설명도 더해 시청자들이 스트레칭의 필요성과 기법을 잘 이해하도록 할 것입니다.
영상의 중간 부분에서는 실제로 스트레칭을 하는 장면이 중심이 됩니다. 주인공과 트레이너가 함께 격려하고 대화를 나누며, 운동의 동기를 부여하는 목소리도 함께 담아냅니다. 이를 통해 시청자들은 운동에 대한 흥미와 자신감을 느낄 수 있을 것입니다. 각 스트레칭 동작은 전문적인 시각에서 간단하고 쉽게 설명되고, 트레이너는 각 동작들을 시연하면서 동시에 잘못된 자세나 동작을 교정해주는 팁을 제공할 것입니다. 마지막 부분에서는 시청자들이 자신의 운동 루틴에 이 스트레칭을 어떻게 통합할 수 있을 지에 대한 안내로 마무리할 예정입니다."
133,(ENG) 이 리뷰는... 아주 이븐하게 익었어요. 그래서 대만🇹🇼 간식은 합격입니다ㅣ할명수 ep.203,food_cooking,long_form,72,"이 영상은 대만의 다양한 간식을 리뷰하는 형식으로 구성됩니다. 촬영은 한국의 유명한 유튜버들이 대만에 여행을 가서 현지 마트인 까르푸를 방문하는 장면으로 시작됩니다. 이곳에서 그들이 소개할 간식들을 장바구니에 담고 맛을 보고 솔직한 리뷰를 나누는 모습이 보여집니다. 각 간식의 특성과 맛을 솔직하게 설명하면서, 해당 제품의 장점과 단점을 한인 유튜버들의 유머와 함께 전달할 예정입니다. 촬영 기법으로는 가까이서 촬영하여 식사 과정을 집중적으로 보일 필요가 있습니다. 또한, 각 간식의 텍스처와 색감을 잘 드러내기 위해 평범한 조명 아래에서 촬영하며, 필요한 경우 자막을 추가하여 내용을 명확히 전달할 계획입니다. 시청자들이 쉽게 이해할 수 있도록 간식의 이름과 설명을 각 간식이 클로즈업 될 때 화면에 텍스트로 띄워주면 좋을 것입니다.  또한 먹는 모습에 대한 다이나믹한 촬영이 시청자의 흥미를 유도할 것입니다.
영상 후반부에는 대만의 유명한 음료 및 주류를 시음하는 장면도 포함할 예정입니다. 이 부분에서는 대만의 맥주와 유명한 고량주 등을 시음하면서 그 맛에 대한 주관적인 평가를 전달하게 됩니다. 각 제품을 시음하는 순간의 리액션을 고해상도 카메라로 잡아내어, 시청자들이 그 맛을 생생하게 느낄 수 있도록 하고자 합니다. 유머를 섞어가며 이야기를 전개하면서, 대만의 음식 문화에 대한 설명도 덧붙이면 좋을 것 같습니다. 이처럼 즐겁고 재미있는 분위기를 조성하는 것이 이 영상을 관람할 시청자에게 긍정적인 경험이 될 것입니다."
134,웃소의 거짓말 챌린지,entertainment,long_form,97,"이 영상은 웃소의 거짓말 챌린지를 주제로 한 콘텐츠로, 게임의 룰을 명확히 설명한 후에 진행하는 방식입니다. 촬영은 한국의 다양한 장소에서 진행하며, 특히 팬들과의 소통이 중요한 만큼 사인회 현장도 포함할 예정입니다. 게임의 기본적인 구조는 각 참여자가 두 개의 접시 중 하나를 선택하고, 그 안에 무엇이 들어 있을지를 추측하는 방식입니다. 이 과정에서 먹는 음식이 무엇인지에 따라 점수를 획득하게 되며, 서로의 반응과 표정에서 진실과 거짓을 구별해야 합니다. 촬영할 때에는 각자의 개성을 부각시키기 위해 다양한 카메라 앵글을 사용하고, 그룹 토크 형식으로 자연스러운 대화가 엿보이도록 설정할 것입니다. 또한, 음식을 선택하는 순간의 긴장감을 극대화하기 위해 저조도 조명과 음향 효과를 극대화하여 스릴을 더할 예정입니다. "
135,"조나단 파트리샤 ""왜 샀나?"" 청문회",entertainment,long_form,84,"이번 영상에서는 다양한 대화 형식과 그에 대한 주제를 중심으로 외국인과의 대화 팁을 제공합니다. 이 영상은 재미있는 대화 방식과 각 문화권에 따라 달라질 수 있는 반응을 보여줄 것입니다. 촬영은 한국의 다양한 장소에서 이뤄지며, 특히 한강공원과 같은 외국인들이 많이 모이는 명소에서 대화를 나누는 모습도 담을 예정입니다. 대화를 예상하며 다양한 상황 연출을 통해 관객들이 이해하기 쉽게 마련된 토크 주제를 중심으로 이야기를 나누고, 이러한 대화에서 발생할 수 있는 여러 에피소드를 나누는 데 중점을 둡니다. 각 출연자는 상대의 말을 경청하며, 대화를 이어가는 방식으로 주제를 발전시킵니다. 또한, 이 과정에서 한국의 문화와 외국의 문화를 비교하며 서로 다른 의사소통 방식이 어떻게 인식되고 수용되는지를 보여주는 유익한 시간이 될 것입니다. 촬영 시에는 마이크를 최신형으로 장착하여, 소리 품질을 높이고 시청자들에게 생생한 분위기를 전달할 수 있도록 하겠습니다. 이 밖에도 특별한 게스트를 초대하여 그들과의 대화 과정을 공유하고, 시청자들과의 소통 강화를 위해 채팅을 통한 Q&A 세션도 마련할 계획입니다. 이 모든 과정을 통해 외국인과 대화하는 데 필요한 다양한 스킬과 팁을 전달하겠습니다."
136,어떡해 너무 귀여워...,life_style,long_form,84,"이 영상에서는 '장도연의 살롱드립2'라는 프로그램 형식으로 우리 관계자들과의 친근한 대화를 나누며, 그들의 기발한 유머와 일상 이야기를 나누는 모습을 보여줄 것입니다. 촬영 장소는 경치 좋은 카페나 자연 풍경이 아름다운 한국의 공원으로 설정하여, 더욱 따뜻하고 친근한 분위기를 만들 것입니다. 개그, TMI(Too Much Information) 이야기 등으로 화기애애하게 재미를 더하고, 참여자들의 다양한 캐릭터와 반응을 접근하기 위해 카메라 앵글을 수시로 변화시키며 감정을 다채롭게 표현할 수 있도록 할 계획입니다. 촬영팀은 배경 음악을 적절히 삽입하여 분위기를 북돋을 예정이며, 대화 중간중간의 반전이나 웃음 포인트를 잘 짚어내어, 관객이 자연스럽게 몰입할 수 있도록 만들겠습니다. 각자의 취미와 이야기를 자연스럽게 나누는 장면에서는, 즉흥적인 반응과 소소한 일상들을 담아내어 시청자들에게 깊은 공감을 이끌어내고자 합니다."
137,[SUB] 재미가 이븐하게 익었네요. 합격입니다 | EP.60 김태리 신예은 | 살롱드립2,entertainment,long_form,93,"본 영상은 포트워스에서 촬영된 아이브의 볼링 게임을 중심으로 구성됩니다. 영상의 시작 부분에서는 팀 멤버들이 각자의 약간의 긴장감을 표출하면서 볼링을 치기 전의 기분을 나누고 있습니다. 가위바위보를 통해 선공팀과 후공팀을 나누는 장면은 관객들에게 팀워크의 중요성을 잘 보여줍니다. 이렇게 전반적인 흐름 속에서 각 팀원들은 신발을 착용하고 볼링공을 고르는 기초적인 준비를 하게 됩니다. 이후, 각 팀원들은 개인적인 차례를 기다리며 서로에게 응원과 조언을 나누는 모습이 인상적입니다. 이 과정에서 팀원들이 소통하며 발생하는 유머러스한 늦은 반응은 관객들에게 즐거움을 더합니다.
촬영 시에는 특히 각 팀원이 공을 던지는 순간을 클로즈업으로 담아내어 그들의 반응과 실력 변화가 극명하게 드러나도록 할 예정입니다. 중간중간 비하인드 씬과 멤버들의 진솔한 요모조모를 담아내어 관객들은 편안하면서도 즐거운 분위기를 느낄 수 있도록 하겠습니다. 다양한 앵글로 적절한 선율과 함께 편집된 음악을 입혀 관객을 집중시키고, 각각의 개인별로 편성된 카드에 적힌 점수를 다루는 부분은 화면 전환을 통해 각자의 멋진 순간을 소중하게 기록할 것입니다. 최종적으로 경기가 마무리되고 식사하는 장면에서는 한국 식문화에 대한 소감을 나누는 모습이 각 팀 멤버들의 끈끈한 우정을 드러내어 관객들에게 따뜻함을 선사할 것입니다."
138,"나 이불킥하게 만든 정지선 씨, 이리 와봐유!",food_cooking,long_form,83,"이 동영상은 중식계에서 독보적인 위치를 차지한 여성 셰프 정지선과 그녀의 멋진 요리 여정을 다룹니다. 영상의 처음 부분에서는 정지선 셰프가 요리를 만들기 전의 분위기와 그녀가 직면한 어려움을 담은 짤의 탄생 배경을 이야기합니다. 이 부분은 관객들에게 그녀의 인간적인 면모를 보여주는 중요한 요소입니다. 촬영은 한국의 한 현대적인 주방에서 진행되며, 정지선 셰프가 생생한 자세로 요리 과정을 보여주며, 유머러스한 대화 속에서도 요리에 대한 깊은 통찰을 나누는 장면을 포함합니다. 이와 같은 접근 방식은 시청자들로 하여금 요리에 대한 흥미를 느끼게 하고, 중식에 대한 편견을 불식시키게 하는 효과를 가져옵니다. 우리는 정지선 셰프의 일상적인 요리를 소개하면서, 그녀가 요리를 통해 한국과 중국 음식의 교류의 중요성을 강조하는 장면을 중점적으로 담아낼 것입니다. 특히, 요리의 주재료와 그 사용 방식을 자세히 설명하며, 정지선 셰프의 노하우를 시청자와 나누는 인터뷰 형식의 클립이 포함될 것입니다.
또한, 내용의 진정성을 높이기 위해 정지선 셰프가 요리 중에 느끼는 감정과 주변 분위기를 더욱 세밀하게 포착하는 것에 초점을 맞출 것입니다. 중국 요리의 역사와 그 발전 과정을 간략하게 설명하면서, 그런 맥락에서 바쓰 요리의 독특함과 한국 요리에서의 저변 확대 가능성에 대해서도 심도 있게 다룰 것입니다. 한편, 요리를 통해 만난 다양한 문화적 이야기들을 나누며, 정지선 셰프의 감정적 여정을 보다 솔직하게 보여주는 데 포커스를 맞출 것입니다. 이를 통해 관객들은 정지선 셰프뿐만 아니라 중식 요리의 매력을 새롭게 발견할 수 있게 될 것이며, 그녀의 유머러스한 모습과 진솔함은 또 다른 매력으로 작용할 것입니다."
139,"압도적인 파워, 막을 자 없는 트럼프가 온다.",news,long_form,91,"이번 영상은 도널드 트럼프가 미국 제47대 대통령으로 당선된 과정을 심층적으로 다룹니다. 제안된 내용은 승리의 트럼프라는 주제로, 영상의 구조는 크게 세 부분으로 나뉘어집니다. 첫 번째 부분은 개표 결과와 관련하여 트럼프의 압도적인 승리를 강조하는 내용으로 시작됩니다. 여기서는 러스트벨트와 남부 경합주에서의 투표 결과에 대한 데이터와 통계가 제공됩니다. 트럼프의 득표율이 해리스보다 높았음을 아카이브하고, 특정 주에서의 트럼프의 승리를 연대기적으로 정리할 계획입니다. 예를 들어, 위스콘신, 미시간, 펜실베니아의 결과뿐만 아니라 애리조나와 조지아 같은 주에서의 득표율도 시각적으로 표현될 것입니다. 이 데이터를 통해 시청자들은 득표 과정의 중요성을 명확히 이해하게 될 것입니다.
두 번째 부분에서는 여론조사와 실제 결과 간의 간극을 설명합니다. 이는 트럼프 지지자들이 여론조사에 응답하지 않는 한 가지 이유를 밝히며, 여론조사 기관들이 트럼프의 지지를 과소평가하게 된 배경을 설명합니다. 마지막으로, 트럼프의 승리 요인을 논의하는 세 번째 부분이 이어집니다. 트럼프의 선명한 정책 이슈인 경제와 이민을 중심으로, 해리스의 캠페인이 어떻게 실패했는지를 분석할 것입니다. 각 섹션에서는 관련된 비디오 클립, 그래프, 통계 자료 등을 활용해 시청자들에게 더욱 흥미롭고 이해하기 쉬운 정보를 제공할 것입니다. 촬영은 서울의 주요 방송 스튜디오에서 이루어질 예정이며, 다양한 편집 효과를 통해 시각적 전달력을 높일 것입니다."
140,"삼성 vs KIA, 2024 KBO 최강 구단은? [한국시리즈]ㅣ야구대표자 입덕가이드 특별편[EN]",sports_health,long_form,71,"이번 비디오는 한국 야구의 최고 순간을 여과없이 보여주는 특별한 토론회를 다룹니다. 영상에서는 시작부터 전문가들이 모여 한국시리즈의 우승 가능성에 대해 심도 깊은 논의를 진행하며, 각 팀의 전략과 선수들의 상태에 대해 분석합니다. 특히 기아 타이거즈와 삼성 라이온즈의 대결을 중심으로, 두 팀의 팬스가 서로의 우승 확률에 대해 토론하는 장면이 부각됩니다. 촬영은 한국 주요 야구 경기장과 팬들이 모이는 장소에서 진행될 예정이며, 경기 전후의 뜨거운 분위기를 익사이팅하게 담을 계획입니다. 2시간 남짓한 시간 동안 각 팀의 장단점을 비교하고, 선수들의 경기력, 팀 내외부의 지지와 반응을 포착할 것입니다. 나아가 이 비디오는 KBO 리그의 선진적인 모습과 야구가 한국 사회에서 가지는 의미도 조명할 예정입니다. 야구를 둘러싼 문화와 팬의 열정을 실제 경기 중계와 함께 담아내며, 한국의 야구 팬들이 기대하는 행사로 만들어갈 것입니다."
141,2025수능 D-4 수능 4일 전 2025수능 수험생 유의사항 리뷰해보았습니다,education,long_form,89,"이 영상에서는 2025학년도 수능을 준비하는 수험생들을 위한 완벽한 가이드를 제공하고자 합니다. 첫째, 영상은 수능 날짜가 다가오는 11월 4일에 맞춰 작성되어 다양한 팁과 정보를 다루게 될 것입니다. 영상의 시작 부분에서 수험생들이 흔히 가지는 수능에 대한 불안감을 극복할 수 있도록 동기부여하는 방식으로 진행할 것입니다. 다양한 시험의 변화와 그에 따른 공부 방법에 대한 설명을 통해 시청자들이 수능에 대한 새로운 시각을 가질 수 있도록 해보겠습니다. 또한, EBS 영어 수능특강과 같은 연계 교재 활용법을 설명하며, 각 과목별 공부 전략과 시험 당일의 유의사항을 공유하겠습니다. 이를 통해 수험생들이 실질적으로 도움이 되는 정보를 얻을 수 있도록 진행할 것입니다. 필기구 및 준비물 체크 리스트를 만들고, 수험생들이 놓치기 쉬운 부분들을 점검하는 공간도 마련하겠습니다."
142,역대 최다 요청🚨 드디어 또 왔습니다.. 전주 1등 맛집 최종판 등장 | 또간집 EP.64,food_cooking,long_form,82,"이번 영상에서는 전주를 중심으로 다양한 맛집을 탐방하려고 합니다. 전주라는 지역은 전라도의 중심으로, 그들에게는 특별한 맛과 음식 문화가 있습니다. 우리는 이곳에서 수많은 맛집들을 발견하고, 첫 번째로는 '스시 미라이'라는 스시 전문점을 다룹니다. 이 가게는 신생 맛집으로, 특히 두껍게 썬 스시와 함께 가지 튀김이 유명합니다. 방송에서는 가지 튀김의 맛을 실시간으로 꼼꼼히 평가하며, 다양한 반응과 경험담을 공유할 예정입니다.
영상은 매끄러운 후크와 함께 시작하여, 전주에 대한 간단한 소개와 맛집 투어를 시작하는 멘트로 이어질 겁니다. 인터뷰와 촬영 과정에서는 현지인들의 반응과 추천도 담아내어, 보시는 분들이 마치 전주에서 직접 먹방을 즐기는 듯한 느낌을 받을 수 있도록 할 것입니다. 또한, 관객들로부터 맛집 추천을 받고 그에 따라 새로운 가게를 추가적으로 방문하는 방식으로 진행될 것입니다. 다양한 지역 주민들과의 생생한 소통을 통해 전주를 더욱 깊이 이해하고, 그곳의 진정한 맛을 전하겠습니다."
143,[유료광고포함] 🍼 내가..엄마..? 낮에는 육아 밤에는 일! 24시간이 모자라다! 일주일동안 열정가득 엄마로 살기 챌린지!,life_style,long_form,67,"이번 영상에서는 저의 아기 주아와 함께한 특별한 일상을 소개하고 싶습니다. 이 영상은 한 편의 따뜻한 일기처럼 제 개인적인 경험을 담아낼 예정입니다. 특히 주아가 제게 얼마나 소중한 존재인지, 그리고 시어머니와의 관계, 그리고 저의 육아 방법에 대해 이야기할 것입니다. 에피소드는 주아의 성장 과정, 수영장에 가는 날의 즐거움, 그리고 저녁 식사를 함께 준비하는 모습 등을 포함하여 하루의 다양한 순간들을 포착할 것입니다.
촬영 방식에 대해서는 실제 일상의 모습들을 자연스럽게 담아낼 '브이로그' 스타일을 선택하고자 합니다. 카메라를 들고 주아와 함께 놀고, 요리하는 장면 등을 담아내면서 처음 보는 사람도 저의 육아 라이프에 쉽게 공감할 수 있도록 하겠습니다. 또한 주아가 크면서 겪는 여러 변화들을 메모리그래피로 남기고, 시어머니께서 주아에게 베풀어 준 사랑과 지혜에 대한 감사의 마음도 전하고 싶습니다. 저의 소중한 일상을 통해 시청자들이 공감하고 힐링할 수 있는 콘텐츠를 만들고 싶습니다."
144,한 아이를 키우려면 온 회사가 필요하다 | ☎소통의 신,life_style,long_form,97,"이 비디오는 어린아이를 돌보는 특별한 하루를 담고 있습니다. 촬영은 한국의 다양한 어린이집에서 진행되며, 어린이와 교사들의 일상적인 상호작용을 중심으로 구성됩니다. 아이들이 다양한 활동을 하는 모습, 놀이를 통해 배우는 과정, 그리고 아이들 간의 소통이 자연스럽게 드러날 것입니다. 촬영 시에는 어린아이들이 자연스럽게 놀고 즐길 수 있도록 유도하고, 교사와의 상호작용을 통해 아이들이 얼마나 많은 것을 배우는지를 보여줄 예정입니다. 영상의 주요 요소는 자연스러운 서사입니다. 각 장면은 어린이들이 놀고 학습하는 모습을 보여주는 것으로, 호기심과 즐거움을 느낄 수 있는 경험을 관객과 나누고자 합니다.
영상의 처음은 이도라는 이름의 아기가 등장하여 오늘의 활동을 시작하는 장면으로 열립니다. 이도가 어린이집에 들어서자마자 주변의 모든 것에 반응하며 신나 하는 모습을 통해 자연스러운 웃음과 기쁨을 느낄 수 있게 하며, 이어서 진행될 다양한 활동들을 기대하게 만듭니다. 제작 의도는 아이들의 일상적인 놀이와 배움의 과정을 관찰하면서 그 속에서 발생하는 다양한 감정을 포착하는 것이며, 이를 통해 부모와 어린이자, 교사와의 소통이 어떻게 이루어지는지를 깊이 있게 보여주고 싶습니다. 촬영지인 어린이집의 특성을 잘 활용하여, 더 많은 자연광과 아이들이 반응할 수 있는 아늑한 분위기를 조성해, 생동감 넘치는 영상을 제작할 계획입니다."
145,"단굼바, 차돌가봉 그리고 럭키가이",game,long_form,65,"이 비디오는 친구들과 함께하는 게임의 재미와 긴장감을 생동감 있게 전달합니다. 촬영은 한국의 다양한 장소에서 이루어질 예정인데, 특히 친근한 카페, 공원 등의 공간을 활용하여 친구들이 게임을 즐기는 모습을 담고자 합니다. 게임 준비과정에서의 기대감과 전략 회의, 그리고 게임 중의 다양한 표정과 반응을 클로즈업하겠습니다. 또한 밴드 형식의 카메라를 사용하여 자유롭게 움직이면서 자연스러운 분위기를 잡고 싶습니다. 더불어 각 게임에서의 플랫폼과 보너스 아이템에 대한 설명을 시각적으로 나타내기 위해 CG 효과를 활용하고, 중간 중간 등장하는 친구들의 유머와 농담을 편집하여 시청자에게도 즐거움을 주려 합니다. 2D 애니메이션 효과를 통해 진행되는 게임의 상태를 시각적으로 표현하고, 각 라운드의 결과를 요약하는 화면을 추가하여 시청자들이 내용을 쉽게 따라올 수 있도록 할 것입니다."
146,직장인에게 N잡이 최악인 이유는? 퇴사를 고민하는 3040을 위한 송길영 박사의 해결책 (feat. 본진) | B주류경제학,economy,long_form,89,"이 비디오에서는 '머니 그라피'의 진행자 김창선이 송기영 박사님을 초대하여 현대 사회에서의 직업에 대한 심도 있는 논의를 펼칩니다. 먼저, 이들은 현대 사람들이 겪고 있는 직업에 대한 불안감을 논하며, 특히 '그만두고 싶은' 심리적 상태에 대해 이야기합니다. 그들은 증가하는 경쟁과 인플레이션 속에서 각자의 존재 가치를 찾아가는 것의 중요성을 강조합니다. 박사님은 자신의 직업적 전환을 통해 어떻게 사람들의 마음을 이해하게 되었는지를 공유하며, 이를 통해 직업을 변경하거나 새로운 가치를 부여하는 과정에서의 경험을 얘기해 나갑니다.
비디오는 직업을 단순히 생계를 책임지는 수단이 아닌, 개인의 정체성과도 관련된 소중한 요소로 묘사합니다. 송 박사님은 직업이 개인을 정의하는 방식이자, 사회에서의 위치를 반영하게 되는 과정을 설명합니다. 마지막으로, 두 사람은 본진을 정하는 것이 직업 선택에서 얼마나 중요한지를 제안하며, 각 사람이 자신의 본질을 이해하고 그에 따라 직업을 선택하도록 격려합니다. 이 영상은 직업에 대해 새롭게 바라볼 기회를 제공하며, 참가자들이 스스로의 직업을 어떻게 정의할 수 있을지에 대한 통찰을 제공합니다."
147,"귀신도 질려서 도망친... 진짜 광기 미치광인들의 괴담 연구(feat. 잇섭, 궤도) [미치광인들] EP.01",education,long_form,99,"이 비디오는 한국의 다양한 분야와 개성 넘치는 인물들이 모여 귀신이라는 주제로 다양한 시각에서 이야기를 나누는 내용을 담고 있습니다. 제작자로서, 우리는 이 재미있는 주제를 한국의 역사적, 문화적 배경을 고려하여 심층적으로 다루고 싶습니다. 촬영은 주로 외진 장소에서 이루어질 것이며, 예를 들어, 귀신과 관련된 전설이 있는 지역이나 잘 알려진 유령의 집 등을 선택할 것입니다. 이러한 장소들은 불가사의하고 신비로운 분위기를 전달하는 데 적합할 것입니다. 영상에서는 사전 인터뷰와 실제 실험을 통해 귀신의 존재 여부에 대한 통찰을 제공할 계획입니다. 또한 귀신에 관한 독특한 이론들, 그리고 그 이론들을 뒷받침하는 다양한 사건들에 대한 분석도 놓치지 않을 것입니다.
영상의 흐름은 인터뷰, 전문가의 설명, 현장 실험 등으로 구성될 것이며, 각 섹션은 다채로운 시각 효과와 재미있는 편집으로 관객들의 흥미를 유도합니다. 또한, 재미있는 캐릭터들이 자연스럽게 펼치는 대화를 통해, 귀신에 대한 통념이나 미신을 조금은 유머러스하게 풀어내며 경직된 분위기를 탈피하고자 합니다. 한국의 전통적인 귀신 문화와 현대 사회에서의 귀신의 의미를 연결 지어 보는 것도 좋은 접근이 될 것입니다. 이로 인해 관객들은 단순히 재미있는 이야기가 아니라, 한국 문화에 대한 가치 있는 정보를 얻을 수 있을 것입니다."
148,정일영 선생님에게 배우는 프랑스에서 살아남기,education,long_form,86,"이 영상에서는 프랑스어를 단기간에 효율적으로 배우는 방법에 대해 논의합니다. 사람들이 자주 질문하는 것 중 하나는 단기간 내에 프랑스어를 잘 할 수 있는지에 대한 것입니다. 이에 대해 언급자는 프랑스어를 배우는 데 있어서 가장 중요한 것은 조급함을 버리고 자신의 감정을 상대방에게 잘 전달하는 방법을 배워야 한다고 강조합니다. 다소 코믹하고 반전이 있는 접근법으로, 상대방이 말하는 내용을 듣지 못하더라도 자신의 기분을 표출해야 효과적인 소통이 가능하다는 이야기를 합니다. 전문가인 프랑스어 선생님 정희령이 등장하여, 자신의 프랑스어 지도 경험과 함께 교육의 연관성을 설명하며, 특히 사람들 간의 교감과 감정 표현의 중요성을 강조합니다. 이러한 방식으로, 프랑스어를 배우는 것이 단순히 어휘나 문법을 암기하는 것이 아니라는 점을 주지시키고자 합니다.
영상의 후반부에는 프랑스를 방문하는 예비 여행객들에게 필요한 팁들을 공유합니다. 무대 위에서 소통하는 것과 대중 앞에서의 발표가 프랑스어 교육과 동일하다는 점을 바탕으로, 관객이 함께 참여하고 집중할 수 있는 환경을 조성하는 것이 중요합니다. 특히, 올림픽이 열리는 프랑스에서 생활하면서 원활한 소통을 위해 반드시 알아야 할 표현과 상황별 응용 방안을 소개합니다. 이를 통해 여행자는 언어의 장벽에 대해 두려워하지 말고, 현지인과의 소통을 통해 여행의 질을 높일 수 있는 방법을 배울 수 있습니다."
149,10만원 이하 미친 스피커로 시장을 압살해버린 '그 녀석'.. 후속작이 나왔다?,tech,long_form,86,"이 영상에서는 에디파이어 MR3 스피커의 사용 경험과 MR4와의 비교를 중점적으로 다루고 있습니다. 영상의 시작은 에디파이어 MR3를 개봉하는 장면으로 시작될 것이며, 카메라는 제품을 자세히 비추어 제품의 외관과 포장을 살펴볼 것입니다. 개봉 후에는 스피커의 디자인 요소와 크기, 그리고 기존의 MR4 모델과의 비교를 통해 크기 변화와 디자인 개선 사항을 강조할 것입니다. 제품을 사용하기 전에 MR3의 사양에 대해 간략하게 설명한 후, 실제 소리를 들어보는 세션으로 넘어갈 것입니다. 이때 다양한 음악 장르를 사용하여 차별화된 음질을 비교하고, 베이스와 보컬의 성향이 어떻게 다른지를 토대로 개인적인 소리의 취향에 대해 이야기할 것입니다.
영상 중반부에서는 MR3와 MR4의 차이점 및 각 모델의 특징을 실험적으로 청취해보는 장면이 있을 것입니다. 이때 양쪽의 스피커를 동시에 테스트하면서 음질 차이를 잘 보여줄 수 있도록 하여, 시청자들이 직접 비교할 수 있게 구성합니다. 이후 소리가 어떻게 다르게 들리는지에 대한 의견을 교환하며, PD와의 인터뷰 형식을 활용해 서로의 경험을 공유하고 시청자들에게 스피커 선택에 대한 조언을 줄 것입니다. 마지막으로, 스피커 구매를 고려하는 소비자들을 위해 가격에 대한 가치 판단을 내리며, 추천할 수 있는 최적의 가격대론 레포트를 통해 정보를 정리합니다. 이렇게 독자적인 구성이 돋보이는 영상은 시청자들에게 실질적인 구매 안내 역할을 할 것입니다."
150,페이커는 왜 대상혁인가,game,long_form,73,"이번 영상은 2023 롤드컵에 대한 자세한 분석과 페이커, 즉 이상혁의 감동적인 여정을 따라갑니다. 우리는 한국 이스포츠의 아이콘인 페이커와 T1 팀이 2013년의 첫 우승부터 시작해 그동안 겪어온 고난과 좌절을 심층적으로 살펴볼 것입니다. 초반에는 페이커가 SKT T1으로 데뷔하면서 보여준 발전과 경기력 향상을 중점적으로 다루고, 팀이 처음으로 LCK 우승을 차지한 후의 이야기를 이어갑니다. 이를 통해 우리는 페이커가 이스포츠 세계에 미친 영향력을 재조명하며, 그가 단순한 선수 이상의 존재임을 강조할 것입니다. 카메라는 그 시절의 경기 장면과 각종 인터뷰 영상, 그리고 팬들의 반응을 교차로 보여줘서 보는 이들이 더욱 몰입할 수 있도록 할 것입니다."
151,"💬TMI 대잔치 120만 Q&A | 이상형,팬미팅,라이브,패션",life_style,long_form,100,"이 영상에서는 주우재가 120만 구독자를 올린 기념으로 팬들과의 Q&A 세션을 진행하는 모습을 담고자 합니다. 촬영은 서울의 멋진 카페에서 진행할 예정이며, 주우재의 친근한 매력을 최대한 살릴 수 있는 장소를 선정했습니다. 영상은 간단한 인트로로 시작하여 주우재가 구독자들에게 감사의 인사를 전하는 장면으로 시작합니다. 이후 주우재는 구독자들이 남긴 다양한 질문에 답변하며 자연스러운 대화를 이끌어나갑니다. 주우재가 소중한 팬들과의 소통을 중요시하는 만큼, 다양한 질문들이 오가며 재미있고 유쾌한 분위기를 만들어갈 생각입니다.
영상 중간에 케이스티파이의 PPL이 포함되어 주우재가 직접 사용하고 있는 스마트폰 케이스들을 소개할 예정입니다. 이때 제품의 장점과 기능을 설명하는 부분에서 주우재의 유머와 일상의 경험을 곁들여 소비자들에게 실제 사용자의 경험을 전달할 수 있도록 할 것입니다. 영상의 흐름은 자연스럽고 경쾌하게 이어지도록 계획하며, 주우재가 제품을 사용하며 느낀 점도 솔직하게 이야기할 수 있는 시간을 마련합니다. 촬영 범위를 넓혀 팬들과의 소통과 제품 소개가 조화롭게 이루어질 수 있도록 하여, 관객들이 주우재와 더 가까워지는 느낌을 받을 수 있게 하려 합니다."
152,250억원으로 수족관카페를 만드면 생기는일..ㄷㄷ,life_style,long_form,86,"안녕하세요 여러분, 부입니다! 오늘은 한국에 신비롭고도 특별한 대형 수조관 카페의 공사 현장을 소개해 드리겠습니다. 총 250억 원 이상이 투자된 이 카페는 3층 구조로 예정되어 있으며, 2층과 3층은 특히 예술적으로 꾸며질 예정입니다. 오늘은 수백 수천 마리의 생물을 투입하는 날이기도 한데요, 이 카페 내부의 분위기를 살펴보고 직접 공사 현장을 체험해볼 수 있는 기회를 가지게 되었습니다.
이 영상은 스토리텔링 방식으로 구성될 것입니다. 첫 번째로, 카페의 공사 현장을 부감적으로 촬영하여 시청자들이 카페의 전체적인 구조와 크기를 이해할 수 있도록 할 것이며, 이어서 1층부터 탐방을 시작하겠습니다. 각 층을 촬영하면서 생물의 종류와 카페의 디자인 요소들을 시청자들에게 자세히 소개하고, 각종 수조의 다양한 생물들의 아름다움과 특성들을 다양한 관점에서 비추고 싶습니다. 카페의 대표님과의 인터뷰를 통해 카페의 컨셉과 독특한 요소들에 대한 설명도 포함할 계획입니다."
153,제주도 다녀오고 병원비로 20만원 쓴 갱이씨의 제주 여행기,travel,long_form,74,"이번 영상은 귀여운 강아지와의 일상을 담은 브이로그로, 애완동물을 키우는 사람들에게 많은 공감을 불러일으킬 것으로 기대됩니다. 한국의 아름다운 자연을 배경으로 남녀 주인공이 강아지와 함께 놀고 먹는 모습이 중심 주제입니다. 먼저, 개가 등장하는 도입부에서는 유쾌한 음악과 함께 강아지가 주인공들에게 의사소통을 하며 귀여운 모습을 보입니다. 주인공들은 강아지를 부르며 애정 어린 대화를 나누고, 강아지가 탐나는 간식을 찾기 위해 주위를 돌아다니는 장면이 이어집니다.
촬영 기법으로는 다양한 앵글을 활용하여 강아지의 귀여움을 효과적으로 부각시키고, 세밀한 클로즈업 샷을 통해 각 캐릭터의 감정을 담아낼 예정입니다. 중간 유머 요소로는 강아지가 간식을 탐내는 장면을 부각시킬 계획이며, 이때 사용될 다양한 BGM은 영상의 경쾌함을 더할 것입니다. 또한, 강아지의 행동을 반영하는 자막을 삽입하여 많은 시청자들이 쉽게 공감할 수 있도록 할 것입니다. 마지막에는 강아지와의 일상적인 루틴이 포함되고, 이를 통해 애완동물을 키우는 것이 주는 행복과 사랑에 대한 메시지를 전달하고자 합니다."
154,해외에서 난리라는 무한동력 장치.. 직접 만들어 봤습니다ㄷㄷ,tech,long_form,99,"영상은 ""무한 동력""이라는 주제에 대한 여러 가지 오해와 실제로 불가능한 이유들을 자세히 설명하는 방식으로 진행됩니다. 먼저 영상에서는 나름의 무한 동력 장치가 어떻게 작동하는지를 보여주며, 실험적인 접근 방식을 통해 시청자들을 시각적으로 끌어들입니다. 물을 이용한 지속적인 회전 기계의 예를 통해 동력 생성 장치가 결국에는 외부 에너지원이나 배터리에 의존할 수밖에 없음을 설명하는 데 중점을 두고 있습니다.
촬영은 한국의 전통적인 마당이나 개방된 공간에서 진행할 예정입니다. 이를 통해 쉽게 접근할 수 있는 분위기를 조성하고, 다양한 실험 장비들을 설치할 수 있는 환경을 만듭니다. 영상의 첫 부분에서는 장치의 구성을 보여주고, 그 원리에 대해 간단한 설명을 붙입니다. 후속 장면에서는 실제 물이 회전하는 모습, 그리고 그로 인해 모터가 어떻게 돌아가는지를 보여줍니다. 이런 과정을 통해 시청자들이 직접 실험을 시도해보도록 유도할 수 있습니다. 하나의 실험에서 확실한 변화가 생길 때, 그 순간을 클로즈업으로 잡아내어 시청자들에게 시각적으로 인상 깊게 남기는 것이 중요합니다. 이를 통해 단순한 과학 교실의 강의 형식을 벗어나, 흥미와 호기심을 자극할 수 있는 콘텐츠로 만들 계획입니다."
155,출판사를 만든 스트릿 사진작가 | 사진 친구가 필요해 ep.5 | 이동훈 작가 인터뷰,hobbies,long_form,85,"이번 영상은 사진작가 더스틴 리가 한국의 다양한 풍경을 촬영하며 자신의 사진 작업과 그 과정에서 느끼는 감정에 대해 이야기하는 내용을 담고 있습니다. 영상의 시작 부분은 더스틴이 자신의 배경과 사진에 대한 열정을 어떻게 형성했는지에 대한 설명으로 시작합니다. 그는 고등학교 시절 미국에서 배운 암실 클래스를 언급하며 흑백 사진의 매력에 빠졌던 이유와 그 시절의 불안과 그리움을 이야기합니다. 이후 그는 전문가로서의 경로를 거쳐 웨딩 사진을 촬영하던 시절도 회상하면서, 그 과정에서 개인적인 만족이 줄어들어 갔다는 점을 강조합니다. 현재 더스틴은 자신의 사진미학에 따라 누군가의 요구에 맞춰 찍는 것을 벗어나 주로 개인적으로 감동받는 대상들을 촬영하며 자기만의 스타일을 찾고 있다고 전합니다.
영상은 또한 그의 일상적인 촬영 일정과 기술적인 과정에 대한 자세한 묘사를 통해 더스틴의 철학적인 접근 방식을 보여줍니다. 매주 적어도 한 번은 찍으러 나가고, 새로운 장소를 탐색하는 그의 모습을 담아 다양한 대중교통 수단을 이용하며 풍경을 감상하는 모습을 영상으로 담기 위해 헌신합니다. 그곳에서의 경험은 그에게 새로운 감정과 영감을 주고, 감각을 유지하는 것이 얼마나 중요한지를 이야기합니다. 마지막으로 그는 10년 이상 한국을 촬영해오면서 느끼는 향수와 그리움이 자신의 작업에 어떻게 반영되었는지를 설명하며, 미래의 프로젝트에 대한 계획과 함께 한국의 문화와 자연에 대한 깊은 애정을 드러냅니다."
156,사람들은 언제부터 제모하기 시작했을까?,education,long_form,67,"이번 영상에서는 제모의 역사를 탐구하는 흥미로운 여행을 떠나고자 합니다. 영상을 촬영하기 위해 고대 이집트의 유적, 로마의 목욕탕 유적지, 그리고 중세 유럽의 미술 작품들을 배경으로 사용하여 시청자에게 직접적인 시각적인 정보를 제공할 예정입니다. 제모의 기원을 시작으로 고대 이집트에서는 신체의 청결과 미를 중시했던 것을 강조할 것입니다. 또한 고대 이집트의 고급스러운 몸매를 위한 제모 방법들을 재현하여 보여줄 계획입니다. 현재에도 사용되는 슈거링 기법은 과거의 제모 방식과 현대의 미용 방법들을 비교 분석할 수 있는 좋은 기회를 제공합니다.
영상에서는 고대 이집트 외에도 로마 제국과 힌두교, 불교를 살펴보면서 향후 영상의 일관성을 유지할 것입니다. 특히 이들은 제모를 통해 종교적인 정결함과 경건함을 중요시하였다는 점에서 깊이 있는 설명을 추가하고 기념비적인 장소에서의 인터뷰를 통해 생동감을 담아낼 것입니다. 예를 들어, 불교의 삭발식과 관련된 논의는 실제 사찰에서 촬영하여 더욱 신뢰성을 높이고자 합니다.
중세 시대의 제모에 대한 인식과 르네상스 시대의 새로운 미적 기준에 대한 깊은 탐구도 다룰 것이며, 특히 16세기 이탈리아의 미적 경향과 19세기 산업혁명으로 인해 대중문화 속에서의 제모의 변화를 강조할 것입니다. 이러한 역사적 맥락을 한국의 제모 문화와 비교하여, 한국 사회의 미적 기준의 변화에도 주목하고자 합니다. 예를 들어, 한국에서의 제모 역사에 초점을 두고, 다리와 겨드랑이 털의 제모가 20세기 들어 어떻게 변해왔는지를 분석하는 과정에서 지역의 풍습과 영향을 받았던 사례들을 시청자가 이해하기 쉽게 풀어낼 예정입니다."
157,"AI 뉴스 - o1 풀렸다, 오픈AI AMA, Gemini API 검색 통합, 서치GPT, 이미지 최강 모델 등장, 클로드 업데이트, 마인크래프트 AI 게임 등",tech,long_form,81,"이번 영상에서는 오픈AI O1의 전체 버전이 풀린 소식과 함께 새로운 기능들에 대해 심도 있게 다뤄볼 예정입니다. 영상의 시작 부분에서는 다각적인 접근을 통해 현재 출시된 새로운 AI 모델, 특히 OpanAI의 O1을 직접 사용해보는 데 초점을 맞출 것입니다. 처음에는 모델에 대한 전반적인 설명과 함께 사용 가능한 기능에 대한 간단한 시연을 보여드리며, 이후에는 이미지 설명 기능을 통해 생성될 이미지를 어떻게 받아들일 수 있는지를 실시간으로 시연할 계획입니다. 유저가 AI에게 이미지를 디스크라이브하는 방법과 AI가 그에 대한 답변을 생성하는 과정에서 발생할 수 있는 여러 질문들을 다룰 것입니다. 이런 실시간 데모를 통해 시청자들이 직접 이 기능의 유용성을 이해하고 경험할 수 있도록 할 예정입니다.
중반부부터는 오픈AI의 최신 검색 기능과 데스크탑 앱에 대한 소개를 하며, 어떻게 이러한 시스템들이 실제로 우리의 일상거나 생활 업무에서 도움이 될 수 있는지를 설명합니다. 검색 엔진과의 경쟁에 대한 논의도 포함되어 있습니다. 이 섹션에서는 유용한 사례를 통해, 우리가 찾고 있는 정보를 AI를 통해 얼마나 편리하게 검색할 수 있는지를 보여줄 것입니다. 마지막 부분에서는 오픈AI와 관련된 AMA 세션을 간략히 정리하며, 샘 알트만을 포함한 주요 인물들이 어떤 예측을 하고 있는가에 대한 통찰을 제공하고, 최종적으로 오픈AI의 연간 로드맵에 대한 전문적인 통찰을 공유할 것입니다."
158,다음편이 궁금하면 ?!!! 댓글로 누군지 맞춰보세요,life_style,long_form,85,"이번 영상은 히로키라는 일본 남자친구의 생일을 맞아 그의 소원인 해외여행을 서프라이즈로 준비하는 이야기를 담고 있습니다. 영상은 처음에는 주인공이 히로키의 생일을 위해 어떤 나라로 가는지에 대해 고민하고 있는 모습으로 시작됩니다. 주인공은 베트남으로 비행기 표를 예매했으며, 장면은 공항에 도착한 후 비행기에서의 아름다운 풍경을 담아내며 시작하게 됩니다. 이 과정에서 주인공은 긴장된 마음과 기대감이 교차하는 감정을 시청자에게 전달합니다. 히로키의 생일이 다가오는 만큼, 주인공은 미리 준비한 케이크를 보여주며 히로키의 반응을 기대합니다. 이후 둘의 관계를 조명하며 그들이 어떤 대화를 나누고, 히로키가 어떤 사람이기를 원하는지에 대한 심도 있는 이야기들이 전개됩니다.  이 과정을 통해 시청자와의 감정적 연결을 더욱 깊게 만들 것입니다.
영상의 클라이맥스는 바로 서프라이즈 생일 파티를 여는 장면입니다. 이때 주변의 사람들과 함께 축하하는 모습을 담아내면서 즐거운 분위기를 만들 것입니다. 서프라이즈가 성공한 순간, 히로키의 반응을 카메라에 담아내며 진솔한 웃음과 감동을 이끌어낼 것입니다. 영상 말미에는 또 다른 스토리가 이어집니다. 바로 다음날 깜짝 손님이 도착하게 되는데, 그 사람은 누구일까요? 이 질문으로 영상을 마무리하며 시청자들의 호기심을 자극할 것입니다."
159,나 빼고 다 좋다는 강아지,pet,long_form,95,"이 영상은 반려견, 보통이의 일상과 귀여운 행동을 중심으로 구성됩니다. 초반에는 보통이가 선풍기 바람을 즐기는 모습을 통해, 반려동물의 소소한 행복을 표현합니다. 이를 위해, 카메라는 다양한 앵글에서 보통이를 촬영하면서, 가까이에서 그의 귀여운 표정과 행동을 포착할 것입니다. 후반부에는 보통이의 새로운 산책 장소를 소개하면서 그가 좋아하는 장소와 애정 어린 행동들을 보여줍니다. 이 부분에서는 보통이와의 산책을 함께하며 편안한 분위기를 조성하고, 여러 각도에서 찍은 영상을 통해 보통이가 그늘과 벤치를 어떻게 즐기는지를 집중적으로 담아낼 예정입니다. 또한, 산책 중에 보통이가 주변 환경과 어떻게 소통하는지, 다른 강아지 친구들과의 상호작용을 통해 더 많은 상황을 생생하게 포착할 것입니다. 이러한 구성은 반려견의 삶을 깊이 이해할 수 있도록 하며, 시청자들로 하여금 공감하고 웃음을 자아낼 수 있는 요소를 제공할 것입니다."
160,미국 주식 한다면 무조건 써야할 '필수' 사이트 3개 추천 | 미국 회계사가 직접 추천해드림,economy,long_form,80,"안녕하세요 여러분! 미국 회계사인 제가 오늘 여러분께 미국 주식 투자를 시작하며 반드시 알아야 할 필수 사이트들을 소개해 드리려고 합니다. 이러한 투자 사이트들은 신뢰할 수 있는 정보 제공을 통해 성공적인 투자 결정을 내리는 데 도움을 줄 것입니다. 이번 영상에서는 몇 가지 주요 사이트에 대해 자세히 설명드릴 텐데, 첫 번째로 다룰 사이트는 매크로 트렌드입니다. 매크로 트렌드는 15년치 기업 데이터를 무료로 제공하여 과거와 현재 기업의 재무 상황을 쉽게 파악할 수 있는 유용한 자원입니다. 이 사이트에서는 매출, 순이익, 자산, 부채, 현금 흐름 등 다양한 재무 데이터를 연간 및 분기 단위로 확인할 수 있습니다. 이를 통해 투자자는 기업의 장기적인 변화 추세와 재무 건전성을 분석하여 더 나은 투자 결정을 내릴 수 있게 됩니다. 영상 중에서는 애플 기업의 데이터를 실제로 확인하는 데모를 진행하여, 초보자들도 쉽게 사용할 수 있다는 점을 강조하고 싶습니다.
두 번째로 소개할 사이트는 데이터 로마입니다. 데이터 로마는 기관 투자자들이 어떤 종목에 투자를 하고 있는지를 쉽게 추적할 수 있는 플랫폼입니다. 이곳은 SEC에 제출된 보고서를 기반으로 하며, 사용자들은 유명 투자자들의 포트폴리오를 무료로 확인할 수 있습니다. 이를 통해 투자자들은 그들의 투자 전략과 패턴을 배우고, 어떤 주식이 현재 시장에서 주목받고 있는지를 파악할 수 있습니다. 예를 들어, 특정 종목이 여러 기관 투자자들의 포트폴리오에 반복적으로 등장한다면, 이는 해당 종목에 대한 신뢰도를 높일 수 있는 좋은 신호가 될 것입니다. 마지막으로 밸류 인베스터스 클럽을 통해서도 전문가와의 토론과 깊이 있는 분석을 통해 투자 전략을 향상시킬 수 있습니다. 이영상을 마치면서, 시청자들에게 소개한 사이트들을 활용하여 더욱 효율적이고 전략적인 투자 결정을 내리기를 권장합니다."
161,"[유리기판 2부] 무엇을 대체?? 미래 유리기판이 반도체 칩의 핵심이 될 수밖에 없는 이유 (FC-BGA, Wire Bonding, LCD-TFT, 글래스 코어, 글래스인터포저)",tech,long_form,88,"이번 영상에서는 유리기판의 기술적 중요성과 그 필요성에 대해 깊이 있는 논의를 진행할 계획입니다. 우리가 영상의 시작에서 밝힐 주제는 반도체 산업에서의 기판의 변화와 혁신입니다. 반도체 제조에 있어 기판은 매우 중요한 요소로, 기존의 기판 기술인 플립칩 BGA 방식과 그 한계점을 언급하면서 유리 기판이 왜 필요하게 되었는지에 대한 역사적 배경을 제공할 것입니다.
영상은 여러 가지 섹션으로 구성되며, 첫 번째 섹션에서는 기본적인 반도체 칩의 구조와 동작 원리를 간단하게 설명합니다. 이를 통해 시청자들은 반도체의 기본 이해를 바탕으로 이후 내용에 대한 관심을 가질 수 있도록 합니다. 다음으로, 기존의 기판 기술인 플립칩 BGA와 그것의 문제점을 설명하며, 왜 이러한 기판이 더 이상 효율적이지 않은지를 강조할 것입니다. 다양한 예시와 함께 데이터가 여러 신호를 전달해야 하는 환경에서 발생하는 열 문제와 신호 간섭 문제를 구체적으로 다룰 예정입니다. 그 후 우리는 유리기판의 특성과 그것이 어떻게 이러한 문제를 해결하는지에 대한 과학적 근거를 설명합니다.  또한, 현재 유리기판이 주목받고 있는 이유와 이 기술이 반도체 생산 공정에 있어 가지는 중요성을 강조할 것입니다.
마지막으로, 유리기판의 공정 및 상용화 가능성에 대해 예측하며, 이를 위해 필요한 연구 및 개발의 방향성에 대해 논의할 것입니다. 영상의 끝부분에서는 이 혁신적인 기술이 우리의 삶과 산업에 미치는 영향에 대해 생각해보는 시간을 가지며, 시청자들이 이 기술을 통해 어떤 변화를 기대할 수 있을지를 제시할 것입니다. 이러한 구조는 시청자들이 내용을 쉽게 이해할 수 있도록 도와줄 것입니다."
162,"지금 미국을 충격에 빠트린 퍼프대디 게이트 총정리, 베이비오일 천 통의 비밀, 의문의 죽음들",news,long_form,86,"""이번 비디오에서는 미국의 유명 래퍼이자 사업가인 퍼프 대디(디디)의 충격적인 범죄 혐의를 다룰 것입니다. 비디오는 디디가 겪고 있는 법적 문제와 사회적 논란을 소개하기 위해 여러 각도에서 접근할 예정입니다. 비디오의 구조는 먼저 디디의 배경에 대해 간단히 설명하고, 이후 최근의 법적 문제 및 고발 사건에 대한 시각을 제공할 것입니다. 여기에 디디가 과거에 어떻게 잘나갔는지, 그의 사업적 성공이 어떤 식으로 만들어졌는지에 대한 이야기를 덧붙이면서 그와 함께 성장한 뮤지션들의 이야기와 관련된 사건들을 다룰 것입니다. 이는 현대 음악 산업에서 권력과 성적 착취가 교차하는 지점을 시청자에게 강하게 전달하는 데 중점을 두겠습니다.
또한, 디디의 이전 범죄와 역할 모델로서의 명성을 대조하며 그의 모든 행위가 어떻게 조망되고 있는지를 분석할 것입니다. 촬영은 한국에서 진행되며, 한국의 힙합 문화와 사회적 이슈를 연계하여 글로벌하게 디디의 사건을 분석하는 방식으로 계획하고 있습니다. 이 과정에서 국제적인 시각으로 이 사건을 바라보는 것이 필수적이라고 생각합니다. 그래서 특별히 인터뷰를 통해 한국의 힙합 아티스트들이나 관련 전문가들의 의견도 담을 계획입니다. 또한, 시청자와의 소통을 위해 댓글과 SNS를 통해 의견을 수집하고, 이를 비디오에 반영하여 더 많은 사람들의 목소리를 담고자 합니다."""
163,"대만 교환학생 일기 105 (대만 코스트코 네이후, 다후공원, 아는 형집 방문)",travel,long_form,68,"이 비디오에서는 다양한 경험을 통해 대만에서의 하루를 기록할 것입니다. 영상 초반부에서는, 유튜버가 일어난 순간의 감정과 그 날의 일정을 간략하게 소개하는 장면이 포함됩니다. 유튜버는 기분이 좋지 않다가도 생각을 정리하고, 코스트코에 가서 대만 음식을 비롯한 여러 식사를 시도할 계획을 세웁니다. 온갖 감정이 뒤섞인 날에도 불구하고, 코스트코 푸드코트에서 맛있는 음식을 즐기고 싶다는 의지를 보입니다. 이는 시청자들에게도 일상에서의 작은 행복을 통해 긍정적 에너지를 줄 수 있을 것입니다.
비디오가 진행됨에 따라, 코스트코 내부를 탐방하고 다양한 식품들을 시청자들에게 소개합니다. 여기서는 각 제품의 특징과 가격, 그리고 이를 통한 개인적인 감상도 함께 공유하면 좋습니다. 이후 다후 공원으로의 이동 장면이 담길 예정이며, 공원의 아름다움과 즐길 거리들에 대한 설명이 이어질 것입니다. 다후 공원에서는 프리스를 던지거나 자전거를 타는 사람들의 모습이 담길 것이며, 자연 속에서의 한적한 휴식과 여유를 만끽하는 장면을 담아 시청자들에게도 그 분위기를 느낄 수 있도록 할 것입니다."
164,[EN] 목포의 딸 박나래가 숨겨왔던 비장의 또간집 공개‼️더 쎄진 목포 찐맛집 ‘이 곳’으로 종결합니다.. | 또간집 EP.67,food_cooking,long_form,66,"이 비디오는 목포에서 가장 맛있는 음식들을 소개하는 내용으로, 여러분은 유튜버들과 함께 다양한 맛집을 탐방하게 됩니다. 영상의 구조는 크게 세 부분으로 나눌 수 있습니다. 첫 번째 부분은 여행의 시작을 알리는 오프닝 장면으로, 월명도에서 목포의 아름다움과 멋진 풍경을 보여주는 것으로 시작합니다. 2년 간의 간격을 두고 다시 돌아온 목포에서의 기대감을 전하며, 시청자들에게 흥미로운 분위기를 전달합니다.
두 번째 부분은 본격적으로 맛집 탐방이 시작됩니다. 다양한 식당들의 소개가 진행되며, 각 식당에서 먹는 음식들을 맛보고 실시간 리뷰를 남깁니다. 특히, 유튜버들은 음식의 맛, 질감, 향기를 생생하게 전하며 시청자들의 입맛을 자극합니다. 마지막으로 세 번째 부분은 총정리로, 방문했던 식당 중 가장 인상 깊었던 맛집을 소개하며, 시청자들이 다음 방문 시 놓치지 말아야 할 팁들을 제안합니다. 이를 통해 목포가 단순한 관광지가 아닌, 미식의 도시로서 매력을 지니고 있다는 것을 각인시키는 것이 목표입니다."
165,금쪽이 솔루션 방해하는 건강염려증 엄마💥 제작진까지 개입하게 만든 엄마의 불안장애 증상,education,long_form,88,"이 영상에서는 엄마와 아이의 관계를 중심으로 아이가 스스로 독립하고 성장하는 과정을 담았습니다. 영상의 구조는 크게 세 가지 부분으로 나뉩니다. 첫째, 엄마가 아이에게 지나치게 보호적인 모습을 보여주는 장면으로 시작합니다. 이 장면에서 엄마는 아이가 무엇을 먹고, 어떻게 행동해야 하는지 지나치게 개입하고, 결국 아이는 스스로 결정을 내리기 힘들어합니다. 둘째, 아이가 자신이 원하는 것을 스스로 선택하게 유도하는 상황을 마련하는 장면이 이어집니다. 이를 통해 아이는 소극적인 행동에서 벗어나 자신만의 욕구를 표현할 수 있게 됩니다. 마지막으로, 아이가 엄마 없이도 스스로 행동해야 하는 상황에 놓여지는 장면으로 마무리됩니다. 이 세 가지 주요 장면을 통해 엄마의 애정이 때로는 아이의 자립을 방해할 수 있음을 드러내고자 합니다. 촬영 장소들은 주로 실내, 식당, 그리고 시장 등이 될 것이며, 생생한 일상 속 대화를 통해 진솔한 분위기를 연출할 계획입니다. 또한, 촬영 도중 자연스러운 케미스트리와 유머를 담아내어 시청자들이 쉽게 몰입할 수 있도록 하려고 합니다. 이러한 접근은 동시에 부모가 자녀에게 전해야 할 교육의 중요성을 시각적으로 보여주는 데 많은 도움을 줄 것입니다."
166,지금 사기엔 아까운 지는패션 📉 여전히 유행이라 더 고민인 유행템,life_style,long_form,80,"안녕하세요! 여러분이 기다리셨던 2024년 겨울 패션 트렌드에 대한 영상입니다. 이번 영상에서는 현재 유행 중인 다양한 겨울 패션 아이템에 대해 소개해 드릴 예정입니다. 처음으로 소개할 아이템은 ‘바라클라바’입니다. 바라클라바는 처음에는 다소 생소한 아이템으로 느껴졌지만, 연예인들이 착용하면서 대중적인 인기를 얻었습니다. 그러나 이 아이템은 착용 시 얼굴형과 잘 어울리는지 확인이 필수적입니다. 이 점을 강조하며, 미용실이나 친구 등의 도움을 받아 직접 착용해 보는 것이 좋다고 말씀드릴 예정입니다. 또한 이러한 아이템이 자칫 우스꽝스러울 수 있기 때문에, 잘 고민한 후 구입하는 것이 중요하다는 점도 언급할 계획입니다.
이어서, ‘미들 부츠’에 대해서도 다룰 것입니다. 미들 부츠는 종아리 중간에서 뚝 잘리는 기장으로 특히 요즘 유행하고 있으며, 스타일링에 어려움을 겪는 분들이 많습니다. 그럼에도 불구하고, 이러한 부츠를 착용 시 스타일리시하게 연출할 수 있는 방법이나, 양말을 활용하여 더욱 멋진 룩을 만드는 팁들도 공유할 예정입니다. 영상 후반부에는 최근 인기를 끌고 있는 ‘마이크로 미니백’과 다양한 니트 스타일 또한 다룰 것입니다. 이 아이템들은 각각 어떤 용도로 활용되는지, 그리고 어떤 조합이 가장 세련된지를 이야기를 나누며, 여러분들이 쉽게 따라 할 수 있는 스타일링 팁을 제공하려 합니다. 마지막으로, 영상 시청 후에는 꼭 소감이나 피드백을 댓글로 남겨주시길 부탁드립니다."
167,월가 최고의 적중률 Tom Lee의 투자 전략 ㅣ위즈덤 칼리지 하이라이트,economy,long_form,69,"이 비디오에서는 톰 리와의 인터뷰를 통해 투자 결론을 이끌어내는 과정 및 그의 시장 예측의 원칙에 대해 심도 깊은 논의가 진행됩니다. 이를 위해 첫 번째로 인터뷰어가 기본적인 질문으로 시작하여 톰의 전문 영역을 탐색합니다. 톰은 장기적인 S&P 목표를 설정하는 복잡한 과정과 이를 통해 주식 시장의 반응을 예측하는 방법을 공유합니다. 다양한 요소들, 특히 경제 데이터와 채권 리스크가 주식 시장에 미치는 영향에 대한 분석이 중심이 되며, 열띤 논의 속에서 시장의 기본적인 원칙들이 드러납니다. 영상은 톰이 예를 들어 시장의 낙관적인 전망을 유지하던 시점에 비관적인 태도를 보이는 등, 그가 관찰한 컨센서스의 함정과 역행하는 투자 기회를 찾아 나서는 방식으로 진행됩니다. 이 과정에서 톰은 세 가지 발전된 원칙을 설명하며, 장기적인 인구 구조 변화가 경제에 미치는 영향과 기술 발전에 대한 긍정적인 시각, 그리고 사람들의 심리적인 경향을 반영한 투자 결정의 중요성을 강조합니다. 이러한 내용을 토대로 한국 내 투자자들에게 필요한 통찰력을 시청자에게 전달할 것입니다.
촬영은 한국의 유명 금융가 및 투자 관련 장소에서 진행하며, 톰의 주장을 보강할 수 있는 다양한 현지 사례를 인터뷰에 삽입할 것입니다. 특히, 우리는 한국의 금융시장과 미국의 금융시장 간의 상호작용에 대한 분석을 추가하여, 현지 투자자들에게 더 친숙하게 다가갈 수 있도록 할 예정입니다. 이를 통해 투자자들이 각국의 시장에서 겪는 비슷한 상황과 그에 대한 대응 방안을 심도 있게 고민하도록 유도할 것입니다. 또한, 톰의 비전과 그의 독자적인 접근 방식을 비교 분석하는 섹션을 통해 더 많은 가치를 제공하겠습니다. 최종적으로, 이 콘텐츠는 투자자들이 시장과 관련된 다양한 요소를 종합적으로 이해하고 의사결정을 내릴 수 있도록 돕는 것이 목표입니다."
168,800년동안 찾지 못했다? 칭기즈 칸 무덤의 비밀(강인욱X곽민수)ㅣ10분토론 /14F,education,long_form,98,"이번 영상에서는 징기스칸의 무덤에 대한 다양한 미스터리와 역사적 사실을 다루고자 합니다. 처음에 우리는 징기스칸, 즉 칭기즈 칸이 어떻게 제국을 세우게 되었는지, 그리고 그의 군사적 전략이 어떤 것이었는지를 짧게 소개합니다. 징기스칸은 자신의 군대와 정책을 통해 유목민 사회에서 전 세계적으로 큰 영향을 미친 역사적 인물입니다. 유목민의 동적인 생활 방식과 징기스칸이 어떻게 이러한 배경 속에서 꿈꾸던 제국을 세웠는지를 설명하면서, 그 과정에서 그의 인물적 특성과 리더십을 살펴보겠습니다.
그 후로는 그가 남긴 유산 중 하나인 무덤에 대한 전통과, 그것이 역사적으로 어떻게 해석되어 왔는지를 논의할 것입니다. 특히, 징기스칸의 생전 후 그 무덤은 단순히 개인적 기념물이 아닌, 몽골 제국의 문화와 정체성을 반영한 상징적 의미를 가진 것이었습니다. 다양한 학자들이 그의 무덤을 찾기 위해 노력한 사례와 이로 인해 발생한 여러 연구적 결과를 소개하며, 현재까지도 징기스칸 무덤의 위치에 대한 추측과 연구가 이어지고 있다는 점을 강조합니다. 최근에는 크라우드소싱을 통한 연구도 이루어진 방식에 대해 얘기하며, 무덤이 존재할지도 모르는 장소에 대한 의견을 나누어 보겠습니다. 마지막으로, 징기스칸의 리더십와 그것이 현대 사회에 주는 교훈, 그리고 무덤을 찾는 것의 의미에 대해 다시금 생각해 봅니다."
169,"세상에서 가장 빠른 SSD, SK 하이닉스 P5의 벤치마크와 관리",tech,long_form,95,"이번 영상에서는 SK 하이닉스의 새로운 SSD, P5에 대해 깊이 알아보고, 제품의 성능을 다양한 벤치마크 테스트를 통해 확인해보려 합니다. 촬영은 한국의 IT 전문 매장에서 진행하게 되며, 실제 상황을 재현하기 위해 다양한 시나리오를 설정할 것입니다. 우선, 제품의 외형을 자세히 보여주고, 패키징에서 부터 SSD가 어떻게 반출되는지를 기록할 예정입니다. 그런 다음, P5와 이전 모델인 P4를 비교하는 분석적인 방법으로, 누가 더 빠르고 효율적인지를 실험할 것입니다. 우리는 특히 대용량 파일 전송이나 랜덤 데이터 처리 성능을 중점적으로 다룰 것이고, 모든 과정에서 시청자가 이해하기 쉽도록 그래픽과 차트를 첨부해 설명할 것입니다. 마지막으로, 이 SSD가 실제 사용 환경에서 어떤 이점을 제공하는지 보여줄 수 있는 실전 테스트도 포함시킬 예정입니다."
170,몰래 장난치고 눈치 못채면 같은 장난 눈치챌때까지 수위 높여서 계속 치기 ㅋㅋㅋㅋㅋㅋㅋㅋㅋㅋ,entertainment,long_form,71,"이번 영상의 주제는 이연석 씨를 대상으로 한 장난으로, 점점 수위를 높여가는 방식의 장난심리를 주제로 하고 있습니다. 한국의 다양한 카페에서 촬영될 예정이며, 기획의 대표적인 포맷으로는 이연석이 점차 커지는 장난을 해 나가며 그를 놀리는 스타일이 될 것입니다. 처음에는 사소한 장난으로 시작하여, 이연석이 눈치를 못 채고 있던 상황이 점점 더 커지는 것을 통해 재미를 극대화할 예정입니다. 특히 이연석이 후배들에게 커피를 사주게 되는 상황으로 이어지면서, 시청자들은 긴장감과 재미를 동시에 느낄 수 있을 것입니다. 영상의 첫 번째 단계에서는 간단한 소개와 함께 이연석에게 커피를 사달라는 요청으로 시작하여, 점차 그 인원이 늘어나는 과정을 촬영할 예정입니다.
촬영 장비는 DSLR 카메라와 핸디캠을 이용하며, 카페의 아늑한 분위기를 살리기 위해 조명을 조절할 것입니다. 후배들과의 대화는 자연스럽고 웃음을 주는 흐름으로 이끌 예정이며, 각 씬마다 적절한 배경 음악을 삽입하여 시청자의 몰입감을 높이겠습니다. 후반부에는 이연석이 점점 더 많은 후배들로부터 요청을 받는 상황이 전개될 것이고, 그는 그 수를 점점 더 확장시키는 과정을 겪을 것입니다. 이를 통해 친구들 간의 유머와 장난이 놀이처럼 흘러가게 할 수 있습니다."
171,OSCP? 충격적인 해킹 자격증 시험 본 이야기,tech,long_form,79,"이번 영상에서는 OSCP, 즉 Offensive Security Certified Professional에 대해 상세히 살펴보려고 합니다. OSCP 자격증은 단순히 해킹 기술의 숙련도를 증명하는 것이 아닌, 실제로 해킹을 할 수 있는 능력을 평가하는 시험입니다. 이 시험은 24시간 동안 진행되며, 응시자는 주어진 IP 주소에서 취약점을 찾아 해킹을 하고, 최종적으로는 루트 권한을 얻어야 합니다. 이 과정에서 수집된 정보를 바탕으로 보고서를 작성하여 제출해야 하며, 이러한 조건이 OSCP의 특별함을 더욱 부각시킵니다.
기존의 자격증 시험과 다른 OSCP의 시험 구조는 매우 독특합니다. 주어진 시간 동안 실제 환경에서 해킹을 진행하고, 그 결과물을 문서화해야 하기 때문에 시험을 준비하는 데 필요한 실제 경험이 무엇보다 중요합니다. 이 영상을 촬영할 때, 저는 스튜디오 환경에서도 실제 해킹을 시뮬레이트하는 과정을 보여줄 것입니다. 카메라 앵글을 조절해, 관객이 실제 해킹 과정이 어떻게 이루어지는지를 생생하게 느낄 수 있도록 할 예정입니다. 또한, OSCP 시험에서 중점적으로 요구되는 통찰력과 문제 해결 능력을 강조하며, 필요한 해킹 도구와 기법에 대한 설명을 구체적으로 더할 것입니다.
시험 준비 과정도 같이 보여주며, 제가 개인적으로 경험했던 OSCP 수험에서의 시행착오와 노력에 대한 이야기도 드릴 것입니다. 이 과정에서 제가 활용했던 학습 자료와 커뮤니티의 도움을 받았던 경험을 공유함으로써, 보안 및 해킹 분야에 관심 있는 이들에게 유익한 정보를 제공하고자 합니다. 예를 들어, 각종 온라인 플랫폼과 자료를 통해 실제 OSCP를 준비하기 전에 알아야 할 팁을 제공할 것입니다. 이를 통해 시청자들이 시험 준비 과정에서 도움이 될 수 있도록 하려는 의도입니다.
마지막으로, 이번 영상에서는 OSCP의 가치와 인증 자격증의 중요성에 관한 이야기 도 나눌 것입니다. OSCP 자격증을 보유하고 있는 것이 어떻게 취업에 유리하게 작용하는지를 설명하며, 직업적 전망까지 이어질 수 있도록 하겠습니다. 이 주제는 해킹이 단순히 범죄일 뿐만 아니라 사이버 보안을 지키기 위한 중요한 요소라는 점을 부각시킬 것입니다. 이를 위해 국내외 다양한 해킹 커뮤니티의 이야기도 다뤄보려고 합니다."
172,겜돌이의 로망 게임방 꾸미기 심화편,game,long_form,91,"이번 영상은 저의 게이밍 방 꾸미기 시즌 2로, LG 게임 모니터를 활용해 더욱 멋진 공간으로 변신시키려는 과정을 담고자 합니다. 영상의 시작 부분에서는 현재의 게이밍 방 상태를 보여주고, 기존에 이케아에서 꾸며놓은 부분들을 간략하게 회상하면서 이번에 추가할 LG 모니터와 장비들을 한눈에 소개할 예정입니다. 저의 아이디어는 단순히 모니터를 교체하는 것이 아니라 이 켜진 공간에서 완성되는 분위기와 감성을 중시하여, LED 조명과 RGB 설정을 통해 한층 더 매력적인 환경을 만들어보는 것입니다. 시간이 어떻게 여유롭지 않은 일상 속에서도 장비와 아이템을 하나하나 영입해 가는 과정을 통해, 시청자들도 함께 공감할 수 있도록 할 계획입니다. 특히, 모니터 설치 과정에서의 상세한 설명과 화면 세팅 과정을 보여주며, 각 장비의 기능과 장점을 예시로 들면서 설명할 것입니다."
173,[마포 따라가기] 먹자마자 행복충전 양갈비의 유토피아 | 🍜🚶맛따라 멋따라 대명이따라,food_cooking,long_form,93,"이번 영상은 마포의 유명 양고기 집에서 진행될 예정입니다. 첫 번째 장면은 육즙 가득한 양고기를 맛보고 있는 사회자들의 즐거운 모습으로 시작될 것입니다. 마포 지역의 특성과 음식 문화를 소개하기 위해, 우리는 마포의 거리와 상점들을 배경으로 다양한 촬영을 진행할 것입니다. 또한, 그 지역의 내력 있는 음식점들을 들려줄 수 있는 기회를 가지기 위해,_interview도 포함시킬 계획입니다. 영상이 진행됨에 따라 여러 메뉴들을 시각적으로 흥미롭게 보여주고, 각 요리의 조리 과정과 함께 그 맛이 어떻게 경험되는지를 자세히 보여줄 예정입니다.  사회자들의 첫 입에 대한 반응을 포함시키는 것이 관객들이 느끼는 즐거움의 핵심이 될 것입니다. 그들이 고기를 먹고 감탄하는 모습, 음식의 향이 가득 차오르는 순간들을 카메라에 담아낼 것입니다. 나아가, 마포의 직장인들의 회식 문화도 보여줄 수 있는 인터뷰와 생생한 장면을 담아 한국의 또 다른 문화적 측면도 발굴해보려 합니다."
174,마인크래프트 평지에서 100일 생존기,game,long_form,86,"이번 영상에서는 마인크래프트의 평지에서 100일간 살아남기 위한 도전기를 가지고 오고자 합니다. 이 평지에는 리소스가 부족하여 시작하는 것조차 힘든 환경입니다. 영상은 1일째부터 시작하여, 초기 생존 전략, 자원 확보, 그리고 엔더 드래곤을 사냥하는 목표까지 이어지는 구조로 설정할 계획입니다.
영상의 첫 번째 부분에서는 초기 생존을 위해 슬라임을 피하고 식량을 얻는 과정을 담아낼 것입니다. 시청자들이 이 어려운 생존 상황에 공감할 수 있도록 긴박한 상황과 유머를 적절히 조화시켜 다양한 화면 전환과 함께 홈 비디오 느낌을 줄 예정입니다. 이와 더불어 각종 자원을 확보하기 위해 바이옴 탐험을 하며 그 지역의 다양한 특징에 대해 설명할 것 입니다. 이후, 몹 타워를 세우고 철을 모으고, 에메랄드를 구하는 과정도 경험하게 될 것입니다."
175,[#알쓸범잡] '마약'은 무엇? 김상욱 교수님이 설명하는 약물 완전편!🔥 마약의 탄생과 일상 속에 스며든 범죄 스토리,news,long_form,83,"이번 영상에서는 한국의 마약 역사와 그 배경에 대해 심도 있는 탐구를 해보려고 합니다. 영상은 총 3개의 주요 섹션으로 나누어 진행될 예정입니다. 첫 번째 섹션에서는 한국에서의 마약 제조와 유통의 역사, 특히 부산에서 발생한 황금 삼각지대와 같은 마약 밀매의 기원을 다룰 것입니다. 영상의 서두에서 부산의 아름다운 전경을 배경으로 ‘부산이 마약의 중심지로 알려진 이유’를 설명하며 다큐멘터리 스타일로 진행합니다. 이후 실제 사건들을 바탕으로 한국의 마약 밀매의 역사적 사건에 대해 그래픽 자료를 활용하여 시청자들이 이해하기 쉽게 전달할 계획입니다.
두 번째 섹션에서는 영화와 미디어에서 자주 다루어지는 마약과의 연결을 설명하며 ‘마약왕’과 같은 유명한 영화의 실화를 어떻게 다루었는지 측면에서 논의할 것입니다. 이 부분은 인터뷰와 전문가의 의견을 바탕으로 하여 마약 문제를 단순히 범죄로 국한하지 않고 사회적인 문제로 확대 해석할 수 있는 기회를 제공할 것입니다. 마지막으로는 현대 사회에서 마약 사용의 위험성과 그로 인해 초래될 수 있는 문제들을 심도 있게 다룰 것입니다. 특히, 마약에 대한 인식과 사회적 태도 변화, 그리고 그에 따른 법적 규제 등에 대해 논의하며, 인터뷰와 충실한 연구 자료를 바탕으로 권위 있는 주제로 마무리할 예정입니다."
176,"내가 광물 1,724,000개를 모은 이유",game,long_form,77,"이번 영상은 유튜버가 구독자 수에 따라 특정 목표를 설정하고, 그에 맞춰 막대한 양의 자원을 수집하기 위한 과정을 담고 있습니다. 영상의 첫 번째 부분에서는 170만 개의 광물을 얻기 위한 전반적인 계획과 이 목표를 달성하기 위해 필요한 자원들에 대한 설명이 انجام됩니다. 이제 본격적으로 영상을 촬영하는 데 있어, 이 모든 공정 과정을 한국의 특정 위치에서 촬영하려고 합니다. 예를 들어, 한국의 자연 속에서 고유한 리스를 가진 지역이나 지형을 선정하여, 구독자들과 보기 좋은 박람회를 열면서도 각 단계의 진행 상황을 나누도록 할 것입니다. 이는 관람객들로 하여금 현재의 자원들이 어떤 기초를 가진 고유한 필요성을 나타내는지를 보여주고, 자신이 성취할 수 있는 목표란 무엇인지를 느낄 수 있게 도와줄 것입니다.
영상의 중반부에서는 실제 자원을 채집하기 위한 다양한 방법과 기법을 소개하고, 이 과정에서 겪은 시행착오를 공유할 계획입니다. 예를 들어, 효율적인 자원 생산을 위해 세워야 할 공장과 그 구조를 알려주고, 일아크의 효율성을 높이기 위해 건물의 설계에 있어서의 통찰력을 나누든지 할 것입니다. 고리블럭과 같은 장치들을 통해 자원을 획득하는 과정도 흥미로운 내용이 될 것입니다. 또한, 영상의 마지막 부분에서는 목표 달성 후 얻은 자원을 바탕으로 어떤 것들을 할 수 있는지, 그리고 과정을 통해 어떤 교훈을 얻었는지를 공유하려고 합니다. 이 모든 과정은 시청자들이 단순히 결과를 보는 것이 아니라, 그것에 이르는 과정에 가치를 두게끔 이끌어줄 것입니다. 이렇게 체계적으로 영상이 구성된다면, 더 효과적이고 교육적인 콘텐츠로 웃음과 흥미를 유도할 수 있을 것입니다."
177,시청자 집 찾아갔는데 쫓겨나게 생긴 우정잉,entertainment,long_form,96,"이 영상에서는 우정이라는 유튜버가 인친의 집을 방문하여 집들이를 진행하는 모습을 담고 있습니다. 영상의 시작부터 우정은 인친의 특별한 집 구조에 대해 설명하며, 촬영 장소가 옥탑방이라는 점에서 흥미로운 요소를 강조하고 있습니다. 이는 시청자에게 집을 소개하는 재미있는 구성을 제공하며, 예쁜 뷰와 독특한 인테리어가 강조되어 겨울과 여름에 대한 특징 역시 언급됩니다. 촬영하면서 우정은 인친과의 자연스러운 대화를 통해 두 사람의 친밀한 관계와 유머를 믹스하여 시청자들에게 더욱 몰입감을 줍니다.
또한, 영상에서 엘리베이터가 없는 옥탑방의 불편함과 함께 매력적인 점을 다루어 서로 간의 공감을 이끌어내는 데 중점을 두었습니다. 제작자로서 저는 이 영상을 찍을 때, 시청자들이 이 집을 생각했을 때 어떤 감정이 들지 고민합니다. 인친의 집에서 제공되는 고유한 감성과 분위기를 최대한 자연스럽게 표현하기 위해 다양한 앵글과 클로즈업 샷을 활용하여 얼핏 보이는 독서 공간이나 인친이 좋아하는 음악 장르와의 연관성도 시청자에게 전달할 것입니다."
178,후플푸프를 무시하지 말아주세요,movie,long_form,100,"이번 영상에서는 저희가 후플푸프 기숙사에 대해 심층적으로 탐구할 것입니다. 후플푸프는 다른 기숙사에 비해 다소 평범하고 소외된 기분이 들 수 있지만, 실상은 그들이 가진 독특한 가치와 아름다움에 대해 이야기할 것입니다. 영상은 4개 부분으로 나뉘어 진행될 예정입니다. 첫 번째로 후플푸프의 역사와 헬가 후플푸프의 교육 이념을 소개할 것이며, 각 기숙사의 창립자들과의 차별점에 대해 자세히 설명합니다. 두 번째 부분에서는 후플푸프의 주된 가치인 공정함, 정의, 성실함을 각 기숙사의 의인화된 캐릭터들인 세드릭 디고리와 뉴트 스캐맨더를 통해 설명할 것입니다. 이 캐릭터를 통해 후플푸프의 진정한 의미와 가치가 무엇인지 확인하게 될 것입니다.
세 번째 부분에서는 후플푸프 기숙사의 상징 동물인 오소리에 대해 이야기하고, 이 동물이 가진 상징성과 평범함 속의 강인함을 다룰 것입니다. 또한, 후플푸프의 색깔인 노란색과 검은색의 의미를 분석하고, 각각이 학생들에게 미치는 영향을 다룰 것입니다. 마지막으로는 기숙사에서 얻은 교육이 현실 세계에서 어떻게 적용될 수 있는지에 대한 사례를 제시할 예정입니다. 한국에서의 촬영은 후플푸프의 가치를 보여줄 수 있는 장소에서 진행할 것입니다. 주요 장소는 농업이 발달한 지역으로, 곡식의 중요성을 상징하는 풍경을 배경으로 사용할 것입니다. 후플푸프 학생들이 보여주는 성실과 공동체 의식을 실감나게 전달할 수 있을 것입니다."
179,(ENG Sub) [#유퀴즈온더블럭] 로제의 美친 결단력이 성사시킨 브루노 마스 콜라보💥 주변 사람들 전부 반대했던 〈APT.〉😎,celeb,long_form,79,"이번 영상에서는 조르노 마스와 그의 음악 작업에 대해 깊이 있는 탐구를 진행할 것입니다. 한국에서 녹화할 때, 우선 로제를 소개하며 시작하며 그녀의 음악 스타일과 최근 성취를 강조합니다. 로제가 새로운 싱글 '아파트'를 발표한 과정을 통해 어떻게 세계적인 스타로 자리매김하게 되었는지를 설명합니다. 촬영은 로제의 집이나 스튜디오에서 진행되어 그녀의 일상적인 환경을 통해 보다 친근한 모습을 보여줄 것입니다.
영상의 후반부에서는 로제가 아파트를 만들게 된 배경과 친구들과의 즉흥적인 게임에서 아이디어가 어떻게 탄생했는지를 이야기합니다. 이 부분에서 그녀의 창작 과정과 영감을 얻는 방법에 대해 인터뷰 스타일로 담아낼 계획입니다. 또한, 영상의 전반적으로 브루노 마스와의 협업에 대한 기대감과 아쉬움도 언급하여 감정적인 연결을 만들어낼 수 있도록 합니다."
180,대학교 MT,movie,long_form,67,"이 비디오는 대학생들이 남은 사람들끼리 진실게임을 하며 놀이를 즐기는 모습을 담고 있다. 이 영상을 통해 젊은 세대의 친밀함과 유머를 보여주고, 서로 간의 관계를 더욱 깊이 이해할 수 있는 기회를 제공하려고 한다. 촬영은 한국의 특색 있는 카페나 대학교의 스터디룸 같은 실내 공간을 배경으로 하여, 친근하고 편안한 분위기를 조성할 예정이다. 카메라는 다양한 각도로 진실게임의 긴장감과 즐거움을 포착할 것이며, 멤버들의 표정과 반응을 강조하는 클로즈업 샷이 많이 사용될 것이다. 게임의 진행 방식도 직관적으로 설명할 것이며, 각자의 질문과 대답이 어떤 긴장감과 재미를 유도하는지를 효율적으로 보여줄 것이다. 또한 서로의 비밀을 알아가는 과정에서 깔깔거리며 웃는 장면들을 통해 시청자들도 편안하게 느낄 수 있도록 최대한 삶의 단순하고 순수한 즐거움을 표현하고자 한다."
181,위기의 키커들,sports_health,long_form,91,"이번 영상에서는 NFL에서 키커라는 포지션의 어려움과 최근 트렌드에 대해 심층적으로 다루고자 합니다. 우선 구형 선수의 필드골 성공률 저하를 다양한 통계를 통해 분석할 것입니다. 특히 그의 필드골 미스와 부상 이력에 집중하여 NFL 내 키커들의 부상 문제를 논의합니다. 이 부분은 한국에서 촬영하며, 외국 리그와 한국 리그의 차이점을 부각시키면서 촬영할 예정입니다. 현장감 있게 NFL 팀들의 훈련 장면이나 키커가 실전에서 플레이 하는 모습을 함께 믹스하여 시청자들에게 생생한 경험을 제공할 것입니다. 이와 더불어, 한국의 메이저 리그인 K리그와의 비교를 통해, 각국 리그의 키커 시스템의 차이를 시청자들이 이해할 수 있도록 만듭니다.
또한, 키커의 성공률 통계가 어떻게 변해왔는지를 시계열 데이터나 그래프를 활용하여 시청자들이 쉽게 이해할 수 있도록 할 것입니다. 이 과정에서는 디지털 화면에 몇 가지 중요한 설문조사 및 데이터 시각화를 보여줘, 각 데이터가 의미하는 바이 어떤 것인지 상세히 설명하는 것도 중요하다고 생각합니다. 촬영을 통해 직접 데이터 분석하는 모습을 보여주어 스포츠에 대한 통계적 접근 방식도 동시에 전달할 수 있도록 할 것입니다. 아울러, 다양한 유명한 키커들이 겪고 있는 부상 문제와 왜 이러한 부상이 증가하는지에 대한 논의와 함께, 특별한 훈련 방법이나 예방 조치에 대한 인터뷰도 향후 콘텐츠로 담아낼 예정입니다."
182,분명 치웠는데 안 치웠습니다?! 치워도 끝이 없는 320평 호텔식 샤브뷔페알바 | 샤브올데이 | 이수지 | 워크맨2,entertainment,long_form,72,"이 영상은 유쾌하고 흥미로운 에피소드를 통해 한국의 식문화와 서비스를 보여주는 형식입니다. 본 영상은 유명 연예인들이 일일 알바로서 식당에서의 경험을 나누는 내용을 담고 있습니다. 촬영할 때는 시청자들이 재미를 느낄 수 있도록, 재미있는 구성이 필요합니다. 연기자들이 실제로 식당에서 일하는 모습, 손님들과의 소통, 그리고 그들이 겪는 다양한 사건들을 통해 시청자들에게 친근감을 줄 수 있을 것입니다.
촬영 장소는 서울의 유명한 식당으로 선정할 것이며, 특히 샤브샤브를 테마로 한 매장을 생각하고 있습니다. 손님들의 다양한 반응과 연예인들의 역할을 살리기 위해 개방감 있는 공간에서 촬영할 것입니다. 각 스테이션에서는 직원들이 고기를 굽고, 손님들에게 음식을 서빙하는 장면을 담아낼 계획입니다. 또한, 다양한 카메라 앵글을 사용해 손님의 응답과 연예인들의 농담이 잘 전달되도록 할 것입니다."
183,"5천 명이 모인 메이플 대축제! 메이플콘 행사 다녀왔습니다! [팡이요, 메이플스토리]",game,long_form,94,"안녕하세요, 여러분! 오늘은 2024년 메이플콘의 첫날을 여러분께 생생하게 전달하려고 합니다. 제 영상에서는 킨텍스에서 열린 메이플콘 행사에 직접 가보고 그 현장을 여러분과 함께 공유할 예정입니다. 금요일이라는 평일에 방문한 덕분에 사람들이 그렇게 많지 않아 여유롭게 구경할 수 있었어요. 하지만 주말에는 만 명 가까운 관람객이 예상되므로, 그 전날 미리 다녀온 것이 정말 다행입니다. 오늘은 여러 부스와 굿즈샵을 돌아다니며 다양한 상품들과 활동들을 생생하게 보여드릴 것이며, 특히 핫팩이 제공되었기 때문에 추운 날씨에도 끄떡없었답니다. 영상에서는 행사장에 입장하는 순간부터 감격이 가득한 순간들을 담아내고 싶어요.
이후에는 루디브리엄 테마존 등 다양한 구역을 돌아보며, 현장에서 만나게 되는 다양한 게임 참여와 포토존을 촬영할 계획입니다. 관람객들과의 인터뷰와 재미있는 미니 게임도 함께 진행할 예정인데, 이 장면을 통해 관람의 즐거움을 배가시킬 것입니다. 그리고 굿즈샵에서는 인기 있는 메이플 스토리 관련 아이템들을 리뷰할 예정입니다. 각 상품들의 가격과 특징뿐만 아니라, 제 최애 아이템도 함께 소개할 것이니 지켜봐 주세요. 마지막으로, 저의 덕후적인 모습도 보여드릴 수 있도록 다양한 각도에서 제품을 촬영하고, 여러분께 직접 선택한 아이템을 보여드릴 거예요. 이를 통해 메이플콘이 어떤 행사인지 여러분이 직접 체험하는 기분을 느낄 수 있도록 하겠습니다. "
184,음식에는 다 의미가 있다! 미국을 다시 위대하게 만드는 트럼프식 국빈 만찬 스타일,food_cooking,long_form,94,"이번 영상은 도널드 트럼프 대통령의 첫 번째 국빈 만찬을 중심으로 하여 그 정치적 맥락과 특별한 요리 메뉴를 분석합니다. 저희는 트럼프가 주최한 만찬이 백악관에서 어떻게 진행되었는지, 만찬의 의미가 무엇인지, 그를 통해 양국 간의 외교적 메시지가 어떻게 전달되었는지를 심층적으로 탐구할 예정입니다. 트럼프 대통령이 처음으로 프랑스 대통령 에마뉴엘 마크롱 부부를 초대했을 당시의 상황을 상세히 살펴보겠습니다. 이 만찬에서는 약 6개월 간의 철저한 준비 과정을 거쳐, 특별한 식단이 마련되었습니다. 또한, 만찬장에 사용된 화려한 장식과 테이블 세팅이 어떻게 각국의 문화와 역사를 반영했는지를 설명할 것입니다.
촬영 장소는 주로 백악관 스테이트 다이닝룸에서 이루어질 것입니다. 다양한 각도에서 만찬 준비 장면, 메뉴를 소개할 때의 클로즈업 및 손님들의 반응을 담는 형식으로 촬영할 예정입니다. 인트로 부분에서는 만찬의 역사적 배경을 간략히 소개하고 각각의 코스를 어떻게 구성했는지에 대한 설명을 덧붙일 것입니다. 또한, 저희는 음식과 관련된 문화적 상징성 및 각 요리에 담긴 의미를 시청자에게 전달하여 눈과 입으로 즐길 수 있는 요소를 모두 갖춘 영상을 목표로 하겠습니다. 이를 통해서 시청자들이 정치적 의미뿐만 아니라 요리를 통한 문화 교류의 중요성도 느낄 수 있도록 하겠습니다."
185,나라 먹여살리는 국가별 시총 Top 10 기업 분석,economy,long_form,85,"이번 영상에서는 다양한 나라들의 시가총액을 비교하며 이들 국가의 문화와 산업의 연결성을 분석해보는 코너를 마련하고자 합니다. 특히, 제러드 다이아몬드의 저서 ""총균쇠""에서 제시된, 국가와 민족의 전통적인 먹거리가 문화에 어떻게 영향을 미치는지를 토대로 현대 경제에도 비슷한 패턴이 발견된다는 점에 집중하겠습니다. 우리나라는 2024년 6월 기준 시가 총액에서 삼성전자가 독보적인 1위에 올라 있으며, 이어서 SK하이닉스와 LG에너지솔루션 등의 기업들이 뒤를 잇고 있습니다. 이러한 상위 기업들이 한국 사회에 미치는 영향과, 이를 통해 형성된 문화적 현상들, 예를 들어 교육과 청소년들의 스트레스 문제를 어떻게 연결 지을 수 있는지 이야기하고자 합니다.
이러한 구조를 통해 각국의 기업 순위를 나열하고, 배경에 있는 산업 문화와의 관계도 깊이 있는 내용으로 전달할 것입니다. 일본, 영국, 프랑스 등 다른 나라들과의 비교 분석을 통해 이들 국가의 시가총액을 형성하는 기업들이 어떻게 각국의 전통 산업 및 현대 경제와 연결되어 있는지를 탐구할 것입니다. 이와 함께, 덴마크, 네덜란드, 스위스와 같은 스몰 국가들이 외형적으로 잘 살아보이는 이유는 무엇인지, 그들의 시가총액 10대 기업들이 어떤 산업에 속해 있는지, 그리고 그들이 어떻게 세계 경제에서 독자적인 자리를 차지하고 있는지를 분석할 예정입니다. 이 모든 과정을 통해 새로운 관점의 문화 비교 콘텐츠를 선보이고, 시청자들에게 흥미롭고 교육적인 경험이 될 수 있도록 하겠습니다."
186,이제부터 전략 싸움'! 2025 수능 보고 모의지원 해봤습니다 | 연고티비,education,long_form,99,"이번 영상은 수능을 마친 후의 기분과 함께하는 재미있는 랜덤 뽑기로 시작됩니다. 영상 속 주인공들은 각자의 과목을 뽑고 그것을 풀어보는 형식으로 진행됩니다. 과목 선정 과정에서 시청자들은 긴장감과 흥미를 느낄 수 있으며, 이는 수능이라는 큰 이벤트를 무사히 마친 후의 해소감과 결합되어 더욱 재미있는 상황이 연출됩니다. 뽑기 결과와 각 과목의 난이도를 조합하여, 수능 특히 이과 및 문과 친구들이 뽑기를 통해 어떤 과목을 풀게 될지에 대해 설레는 마음이 전해질 것입니다.
영상의 기본 구조는 각이 서로 다른 과목을 랜덤으로 뽑고 그 과목들을 풀어보는 과정을 담고 있습니다. 뽑기는 유머러스하게 진행되어 긴장을 풀고, 각 친구들의 개성과 능력치를 보여줄 수 있는 기회가 제공됩니다. 각 과목을 풀어보면서 그들의 진솔한 반응과 고생스런 과정이 담기의 완성이 되며, 이로 인해 시청자들은 동질감을 느끼고 더욱 친근하게 다가갈 수 있습니다. 최후의 점수를 추적하고 각 과목별로 누구가 잘 풀었는지를 비교하는 것도 이 프로그램의 특징 중 하나입니다. 점수 발표는 긴장감 넘치게 설정하여 시청자들이 마지막까지 관심을 가지게 됩니다."
187,23년! 전국 1등 팥 폭탄 붕어빵? 과일가게에서 1시간이상 기다려서 먹는 미친 붕어빵집┃Bungeoppang / Korean street food,food_cooking,long_form,95,"이번 브이로그에서는 대한민국의 인기 붕어빵 가게를 소개하려고 합니다. 이 곳은 오픈 전부터 긴 줄을 이루며, 평균 대기시간이 한 시간에 달하는 유명한 집입니다. 평일 오후에 촬영을 계획하며 이 붕어빵 가게에 도착하면, 이미 사장님은 붕어빵 기계 아래에 종이를 깔고 준비를 하는 모습이 보일 것입니다. 이는 항상 흘러넘치는 반죽으로부터 위생을 유지하기 위한 과정으로, 이러한 세심한 준비가 소비자에게 믿음을 주기도 하고 더욱 맛있는 붕어빵을 제공하는 데 큰 도움이 됩니다.
이 영상의 구조는 붕어빵 만드는 과정을 상세히 보여주고, 기다리고 있는 고객들의 반응도 담고 싶습니다. 오픈하자마자 폭풍 주문이 쇄도하는 모습을 담기 위해 사장님과 직원들의 바쁘게 움직이는 모습과 고객들의 기쁜 얼굴을 포착하는 것을 목표로 합니다. 또한, 붕어빵의 다양한 종류인 팥 붕어빵, 슈크림 붕어빵, 고구마 붕어빵, 피자 붕어빵 등을 순차적으로 만드는 과정을 카메라에 담고, 그 맛과 비주얼을 세밀하게 촬영하여 시청자들이 실제로 맛보고 싶게 만드는 효과를 주도록 하겠습니다. 이를 통해 해당 가게의 인기 비결과 고객들과의 소통, 직원들의 노력을 잘 전달할 수 있을 것입니다."
188,연말 특집🎄정규시즌 & 한국시리즈 MVP의 저녁식사,sports_health,long_form,65,"이번 동영상은 두 유명한 야구 선수, 김광현과 류현진의 이야기를 바탕으로 펼쳐집니다. 그들은 자신의 개인적인 경험들, 야구 경기에 대한 생각, 그리고 은퇴 이후의 삶에 대한 고민을 나누는 형식으로 진행됩니다. 진행자는 서로의 이야기를 자연스럽게 이끌어 주며, 스튜디오 세트는 따뜻한 분위기로 설정해 그들의 친밀한 관계를 강조할 수 있도록 할 것입니다.
비디오의 초반부는 그들 간의 친숙한 대화로 시작됩니다. 이들은 각자의 커리어에 대한 후회나 고민, 최근 골프 활동에 대한 이야기를 나누고, 주제를 넘나들며 자연스럽게 이야기를 이어갑니다. 이처럼 유익한 소통이 이루어지는 방식을 통해 시청자들은 그들의 분투와 실수를 듣고 공감할 수 있도록 합니다. 야구뿐만 아니라 개인적인 감정과 일상생활에 관한 이야기로 진행되어 다양한 연령대의 시청자들에게 흥미로울 것입니다. 후반부에서는 그들이 지금까지의 경력을 되돌아보며, 서로의 고민을 듣고 함께 웃는 모습들이 담기거나, 한계와 은퇴 이후의 삶에 대한 깊은 이야기를 나누는 부분을 강조할 수 있겠습니다. 전반적으로 이 비디오는 스포츠와 인간의 삶에 대해 심도 깊은 토론을 제공할 것입니다."
189,"페이커가 던진 ""도란 주사위""는 항상 6이 나온다 (feat. 도란의 장단점 분석)",game,long_form,73,"이번 영상에서는 T1의 새로운 탑 라이너 도란 선수에 대해 깊이 있게 분석해 보겠습니다. 첫 번째로, 도란의 플레이 스타일과 경기력, 팀 내에서의 시너지를 살펴보면서 T1에서 그의 역할이 어떻게 변화할지를 예측하겠습니다. 도란은 각 팀에서 두각을 나타냈지만, T1이라는 메가팀에서 그가 적응하기 위해서는 팀워크와 기존의 플레이 방식에 빠르게 적응해야 할 것입니다. 이 과정에서 시청자들은 도란의 테크니컬한 게임 이해도와 개인적인 피지컬 능력을 감상하게 될 것입니다. 일주일 동안의 훈련 스토리를 담고 팀 동료와의 인터뷰 장면도 추가하여 도란이 T1의 환경에서 어떤 변화를 겪는지를 시청자들에게 보여줄 계획입니다.
두 번째로, 도란의 과거 이력과 그가 LCK에서 경력을 쌓으며 보여준 다양한 프레젠테이션을 포함할 예정입니다. T1 팬으로서의 그리핀과 다른 다수의 팀에서의 도란의 성과를 되짚어 보면서, 왜 그가 많은 팬들에게 사랑받는지 이야기를 나누어 보겠습니다. 팀워크가 중요한 만큼 도란이 가진 능력이 어떻게 팀에 긍정적인 영향을 미칠지를 강조하며, 기존 T1 선수들과의 시너지가 얼마나 긍정적으로 굴러갈지를 조명하겠습니다. 인터뷰 컷과 그리핀 시절의 영상 소스, 도란의 훈련 장면을 넣어 그가 현재 팀과 잘 융화될 수 있는 근거와 지원되는 정보를 제공하겠습니다."
190,비록 초기 불량에 걸렸지만... 만족도가 엄청 높은 삼성 갤럭시 Z 플립3 언빡싱&첫인상!,tech,long_form,97,"""이번 영상은 갤럭시 Z 플립3의 언박싱 및 첫인상 리뷰를 중심으로 진행될 예정입니다. 촬영은 한국의 주요 전자상가에서 진행하여 다양한 시청자들이 제품을 쉽게 이해하고 느낄 수 있도록 할 것입니다. 영상의 첫 부분은 제품 소개로 시작합니다. 이때 삼성 갤럭시 Z 플립3의 디자인 요소를 강조하며, 다양한 색상와 디자인에 대한 비주얼을 풍성하게 보여줄 계획입니다. 내부에서 촬영 시 조명과 카메라 각도를 조절하여 제품의 전면 및 후면 디자인을 최대한 잘 보여주도록 하겠습니다. 후속 단계로는 제품 구성품을 살펴보면서 케이블이나 액세서리와 같은 부가적인 제공 품목도 함께 설명할 예정입니다.
또한, 하이라이트로는 커버 디스플레이와 메인 디스플레이의 차이점에 대한 세부 분석이 있습니다. 이를 위해 상세 측정을 한 뒤, 화면 품질 비교를 통해 그 변화점을 시청자에게 전달할 예정입니다. 열성비교 기기를 활용하여 디스플레이 온도 측정도 진행하여, 실제 사용 시 발생할 수 있는 발열 문제를 실질적으로 보여줄 것입니다. 다양한 사용자들의 피드백도 인용하여 갤럭시 Z 플립3의 실전 테스트를 선보이고, 또한 방수 기능 및 사용 편의성에 대해 진솔한 소감을 공유하겠습니다. 마지막으로, 초기 세팅과 개별 기능 지점에서 나타나는 문제들도 함께 살펴보아 제품에 대한 실질적인 의견을 제공할 계획입니다."""
191,정품의 반의 반의 반값; 그냥 정품인데요? 5만원대 압도적 초갓성비·퀄리티의 매직 키보드 찾았습니다,tech,long_form,84,"이 영상은 신제품 구조독에서 출시한 아이패드 프로 11인치용 화이트 매직키보드를 소개하고, 기존의 애플 정품 매직키보드와 비교하는 내용을 중심으로. 저는 이 영상을 통해 시청자들에게 구조독의 매직키보드가 비슷한 디자인과 기능을 가지면서도 더 저렴한 가격에 제공된다는 점을 강조하고 싶습니다. بنابراین, 촬영은 우선 매직키보드의 언박싱으로 시작할 예정입니다. 박스를 열고 다양한 액세서리들과 함께 매직키보드를 소개하며, 한국어로 기본 사용법을 알아보는 시간으로 연출할 것입니다. 현재의 키보드 디자인, 배열 및 재질을 카메라에 안착시켜 상세하게 보여줄 예정입니다. 키보드 환경이 얼마나 사용자 친화적인지 시청자들이 느낄 수 있도록 다양한 각도에서 촬영할 것입니다.
이어서 키보드의 성능과 타건감을 비교하는 시간도 갖겠습니다. 키보드 소음과 키감을 시청자들이 체험하는 것처럼 느낄 수 있도록 타이핑하는 모습을 담아 놓을 예정입니다. 또한 기능 및 특징을 보여주기 위해서는 제품의 화면으로 바뀔 때 다양한 제스처와 반응성을 직접 보여줄 것입니다. 마지막으로, 총평으로는 가격대를 언급하며, 구조독 모델의 가성비와 사용자 리뷰를 통합하여 마무리할 것입니다."
192,강릉 바다 다 뒤져서 🔱물회의 제왕🔱 찾았습니다 | 또간집 EP.57,food_cooking,long_form,76,"이번 영상은 강릉을 주제로 한 여름 특집 2탄으로, 맛있는 음식과 아름다운 자연 경관을 배경으로 촬영할 예정입니다. 영상은 강릉의 대표적인 음식점들을 탐방하며 다양한 맛집을 소개하는 형식으로 구성됩니다. 첫 번째로는 지역 특산물인 오징어 순대를 먹는 장면을 담습니다. 이를 위해 강릉의 유명한 순대 골목에 있는 상점을 선택하고, 촬영 중에 손님과의 인터뷰를 통해 순대에 대한 지역민들의 의견을 들어보는 것을 계획하고 있습니다. 이와 함께 강릉의 풍경을 담고, 지역 주민들의 인터뷰도 함께 진행하여 그들의 삶의 이야기를 들려주고자 합니다.
두 번째는 장칼국수, 옹심이와 같은 또 다른 강릉의 인기 음식들을 소개할 예정입니다. 여기에서는 요리를 준비하는 과정과 음식의 깊은 맛을 시청자들에게 전달하기 위해, 요리사의 인터뷰와 함께 직접 음식이 만들어지는 과정을 촬영합니다. 또한, 촬영 장소도 강릉의 아름다운 경치 속에서 진행하여 시청자들이 마치 그 현장에 있는 듯한 느낌을 받을 수 있도록 할 계획입니다. 강릉의 바다와 함께하는 맛있는 음식들이라는 주제를 강조하여, 시청자들에게 강릉 여행의 매력을 한껏 어필하는 것이 중요하다고 생각합니다."
193,[ENG] K-어린이들은 달고나 아니고 수제캔디🍭 지옥에서 온 라이언🦁 | Making Kakao Ryan handmade candy | 수제캔디 알바 리뷰 |워크맨 ep.112,food_cooking,long_form,85,"이번 영상은 한국에서 사탕을 만드는 과정과 관련된 실험적 체험을 다룹니다. 특히, 기발한 아이디어와 크리에이티브한 접근 방식을 통해 관객들에게 다양한 정보를 전달하는 것이 목표입니다. 대한민국의 유명한 디저트 공방을 선택하고, 그곳의 장면들을 생생하게 담아내어 다양한 사탕 만드는 모습과 함께 그에 대한 설명을 제공할 것입니다. 촬영 과정은 인터뷰와 함께 사탕 만드는 모든 과정을 처음부터 끝까지 보여주며, 재료 선정부터 시작해 최종 완성품을 만드는 전 과정을 담을 예정입니다. 이 과정에서 한국 전통 사탕뿐만 아니라 현대적인 스타일의 사탕도 함께 소개하여 관객들이 새로운 디저트 문화를 느낄 수 있도록 합니다.
촬영 전략으로는, 고화질의 마이크를 사용하여 소리의 디테일을 잡고, 여러 각도의 카메라를 활용하여 다양한 시각적 요소를 포함하도록 하겠습니다. 또한, 사탕 만들기 시간대에 특별한 음악을 배경으로 적절히 삽입하여 영상의 몰입감을 높일 계획입니다. 인터뷰를 통해 제작자 및 참가자들의 개인적인 경험을 공유하고, 그러한 이야기를 통해 시청자들이 더욱 많은 감정을 느끼도록 하겠습니다. 마지막에는 만드는 과정의 결과물인 사탕들을 개인의 손에 담아가는 즐거움을 주는 장면을 포함하여, 관객들이 직접 체험하고 싶다는 느낌을 주도록 하여 영상의 퀄리티를 높이는 것을 목표로 합니다."
194,이 둘의 공통점은 무엇일까? 1. 요리를 잘한다 2. 카페를 닫았다 [맛피아와 팝옾카페] EP.01,food_cooking,long_form,81,"이 영상에서는 요리 대결을 중심으로 다양한 재미 있는 이야기들이 펼쳐집니다. 저희는 첫째로, 대결의 주인공들이 만나서 카페 창업과 관련된 아이디어들을 나누는 장면을 열게 될 것입니다. 시작할 때는 카페 열기에 대한 자신의 경험과 실패담을 진지하게 나누며 서로의 생각을 더욱 깊게 공유할 수 있도록 유도하겠습니다. 이때, 각자의 카페 운영 경험이 어떻게 서로 다른지, 그리고 그것이 현재의 그들의 요리 세계관에 어떻게 영향을 미쳤는지를 조명할 머리말로 시작할 것입니다.
각 대결의 마지막에는 요리사들이 예상되는 메뉴에 대해 간단히 설명할 수 있는 짧은 코너를 만들어 유동성을 더할 것입니다. 이런 구조를 통해 시청자들이 경연의 재미를 느낄 수 있도록 하면서도 카페의 색다른 매력과 요리사들의 개성을 보여주고자 합니다. 중간중간 흥미로움을 더하기 위해 시청자들이 좋아할 만한 질문과 의견도 댓글로 받아 소통하는 방식으로, 영상의 분위기를 한층 살아나게 만드는 요소로 작용할 것입니다. 대결을 통해 발생하는 긴장감과 함께, 두 요리사 간의 독특한 케미를 통해 보는 즐거움을 더할 계획입니다."
195,"법의학계 뉴페이스! 이호, 유성호 교수에 이은 그알의 루키 등판★ | 그알저알",education,long_form,89,"이번 영상은 법의학자 김문영 교수님을 초청하여 법의학의 매력과 중요성을 탐구하는 내용을 다룹니다. 교수님은 성균관대학교에서 법의학 연구실을 운영하시면서 다양한 부검 사례와 법의학이 일상에서 어떻게 활용되는지를 설명하셨습니다. 이 영상의 구조는 인터뷰 형식으로 진행되며, 교수님의 개인적인 경험과 법의학의 역할, 그리고 학생들과 대중이 법의학에 대한 관심을 갖게 되는 계기를 자세히 이야기합니다. 촬영 장소는 성균관대학교에서 이루어지며, 교수님의 자연스러운 발언과 함께 법의학의 어려운 주제도 쉽게 이해할 수 있도록 구성될 것입니다. 이 과정에서 교수님은 법의학이 단순히 부검에 국한되지 않고 범죄 해결, 의학적 분석, 예방의학 등 다양한 분야에 걸쳐 응용될 수 있음을 강조합니다. 촬영 시 학생들의 인터뷰도 기획하여, 법의학에 대한 현실적인 조망을 통해 대중의 흥미를 유도할 예정입니다. 각 질문에 대한 답변은 자연스럽게 이어지는 흐름을 유지할 것이며, 최신 사례와 연구 결과가 포함된 시각 자료를 통해 더욱 흥미롭게 전할 계획입니다."
196,활동 시즌에 떡볶이 흡입한 아이돌ㅣ워크돌ㅣ청년다방ㅣ엔믹스 해원,food_cooking,long_form,86,"이 영상은 한국의 다양한 면 요리를 소개하는 흥미진진한 콘텐츠로, 특히 맛있는 국물 요리가 저절로 끌리게 되는 면발을 중심으로 구성될 예정입니다. 촬영은 서울의 인기 음식 거리와 전통 시장에서 이동식 카메라로 이루어질 것입니다. 첫 번째 섹션에서는 주방의 조리 과정을 통해 국물의 심오한 맛을 어떻게 이끌어내는지 보여줍니다. 생선과 면을 활용한 다채로운 요리법을 소개하며, 실제로 조리하는 모습을 담아내어 시청자가 재료가 어떻게 변하는지를 생생하게 느낄 수 있도록 할 것입니다. 조리된 음식을 시식하는 장면도 빼놓을 수 없으며, 이는 음식의 맛과 식감을 즉각적으로 전할 수 있는 방법입니다. 주변 친구들이나 요리사들과 함께 다양한 반응을 모아 재미있는 상황들을 연출하고, 국물의 깊이와 향의 완벽한 조화를 보여주기 위해 적절한 BGM을 삽입할 예정입니다. 동적인 편집과 빠른 컷을 사용하여 점점 고조되는 음식을 즐기는 분위기를 조성할 것입니다. 또한 이 과정에서 숙련된 셰프의 인터뷰를 삽입하여 그들의 팁과 비법을 들려주는 것도 중요한 요소입니다.
다음 섹션에서는 가자미와 같은 다양한 생선을 사용하여 시청자들을 유혹하는 음식을 추가할 것입니다. 이 과정에서는 친구들과의 쾌활한 먹방의 문화를 담아내어, 소소한 농담과 힘든 다이어트 일정을 웃음으로 넘기는 사람들의 진솔한 대화가 이어질 것입니다. 이러한 구성을 통해 단순히 먹는 모습에서 그치는 것이 아니라, 음식에 대한 정성과 인류의 기본적인 즐거움을 되새기는 시간이 될 것입니다. 영상의 마지막 부분에서는 직접 조리한 음식이 제공되는 장면과 함께 시청자들에게 요리에 담긴 애정과 노력을 전하고, 따라 하기 쉬운 레시피를 강조하면서 방문한 이 장소의 특성을 공유할 것입니다. 전체적으로 이 영상은 면발과 국물의 조화, 그리고 친구들과 나누는 맛있는 순간을 강조하는 형식으로 진행되며 시청자들에게 시각적, 감각적 기쁨을 안겨 줄 것입니다."
197,예의 바른 아이로 키우고 싶다면? 먼저 아이의 마음을 읽어주세요! 오은영의버킷리스트,education,long_form,90,"이 영상은 어린아이와의 의사소통을 다루는 주제를 중심으로 진행됩니다. 아이가 감정을 표현할 때, 그리고 부모가 이를 어떻게 받아들이고 관리해야 하는지를 집중적으로 이야기하죠. 여러 가지 상황 사례를 통해 아이가 스스로 감정을 표현하고, 이로 인해 발생하는 행동에 대한 부모의 이해와 반응을 강조하고 있습니다. 예를 들어, 첫째 아이가 고집을 부릴 때 어떻게 대처해야 하는지에 대한 조언을 담고 있습니다. 이 영상은 필드에서 촬영하는 것이 아니라 스튜디오에서 진행될 예정이며, 강사가 시청자와의 소통을 고려해 실제 사례를 인용하며 이야기할 것입니다. 촬영을 통해孩子们的自然情感表达到家长理解感情表达的重要性以外，也将建议家长更多关注孩子的情感和感受，而不是单纯地让孩子顺从于父母的权威。기본적으로 촬영 시 다양한 배경 음악과 함께 애니메이션을 활용하여 등장인물의 표정 변화와 같은 요소를 통해 이야기의 흐름을 더욱 생생하게 전하고자 합니다. 이는 시청자들이 자연스럽고 친근하게 느낄 수 있도록 하며, 아이의 감정을 더 깊이 이해할 수 있는 기회를 제공할 것입니다."
198,마주쳤을 때,movie,long_form,69,"이 비디오는 일상 속에서 인간관계의 복잡함을 보여주는 흥미로운 이야기입니다. 구체적으로, 한 남성이 자신의 전여친과 우연히 마주치게 되면서 벌어지는 에피소드들을 다룹니다. 처음에 그는 그 상황을 피하고 싶어 하지만 점차 자신을 고백하고자 하는 모습이 담겨 있어 시청자들에게 감정적인 공감을 불러일으킵니다. 촬영을 김포나 서울의 특별한 장소에서 진행할 예정인데, 특히 대학교 근처의 카페나 공원을 배경으로 설정하면 좋을 것 같습니다. 그렇게 함으로써 묘한 감정을 더욱 끌어낼 수 있을 것입니다. 또한, 카메라 앵글을 섬세하게 사용하여 남성의 긴장한 표정과 전여친의 반응을 잘 포착하고, 배경 음악을 통해 더욱 극적인 상황을 연출하는 것이 중요합니다.
각 장면은 대화의 흐름에 따라 자연스럽게 이어지며, 특정 순간마다 클로즈업 샷으로 감정을 강조하는 것이 좋습니다. 예를 들어, 첫 만남에서 남자의 당황한 모습과 전여친의 미소를 번갈아가며 보여줌으로써 시청자들이 이들의 감정선에 더욱 몰입할 수 있게 할 것입니다. 이 비디오는 드라마틱한 상황 전개와 함께 유머 감각을 연출하여 시청자에게 즐거움을 주고, 동시에 상대방에게 던지는 첫 마디의 중요성을 강조할 것입니다. 각 구간에서 적절한 유머와 긴장감의 밸런스를 맞추는 것이 이 비디오의 핵심인 만큼, 클래식한 로맨틱 코미디의 요소를 잘 섞어내야 할 것입니다."
199,친절한 우재씨가 가을 옷 싸악 정해드립니다 | 살까요? 말까요? 의류 편,life_style,long_form,76,"이번 영상은 '살까요 말까요' 시리즈의 의류 편으로, 다양한 패션 아이템에 대한 고민을 다룹니다. 촬영 시에는 한국의 다양한 패션 매장이나 트렌드를 반영하여 촬영을 진행할 계획입니다. 예를 들어, 서울의 패션 핫플레이스인 홍대나 가로수길에서 다양한 브랜드와 아이템을 중심으로 촬영하게 될 것입니다. 영상에서는 시청자들이 최근 주목하는 의류 아이템들을 살펴보며, 다양한 추천과 고민을 포괄적으로 다뤄보고자 합니다. 패션 전문가의 관점에서는 어떤 스타일이 지금의 트렌드에 적합한지, 어떤 아이템을 선택하는 것이 더 유익할지를 구체적으로 설명할 것입니다. 예를 들어, 클래식한 무드의 애슬레저 룩이나 패셔너블한 스트리트 스타일 등을 소개하며, 각각의 스타일에 맞는 코디 방법과 어울리는 아이템들도 함께 제안할 것입니다. 그 과정에서 시청자들로부터 질문을 받아 답변하는 형식을 통해 더욱 밀접하게 소통할 예정입니다."
200,쇼진의 정상화! 이젠 마녀에도 발동되는 파격버프를 받았습니다.,game,long_form,86,"이번 영상은 리그 오브 레전드 패치 변경점 중 하나인 ""쇼진의 창"" 아이템이 요릭의 마녀 스택에 영향을 주는 상황을 다룹니다. 이 패치로 인해 요릭의 전투 효율성이 어떻게 상승했는지 실전 게임을 통해 확인합니다. 패치의 변화, 스킬 효율성 증가, 그리고 게임 메타의 변화를 시청자에게 쉽게 설명하는 것이 목표입니다.쇼진의 창 아이템이 마녀 스택(특정 스킬 발동)에 영향을 미치게 되면서 쿨타임 감소를 빠르게 누릴 수 있게 되는것을 보여줍니다.게임 중 드래곤 전투 장면에서 요릭이 마녀 스택을 활용해 연속 스킬 사용으로 압도적인 효율을 보여줍니다. 기존 요릭보다 더 빠르게 스택을 쌓고, 전투 지속력이 상승한 점을 실전 게임에서 증명합니다."
